-- Family Table
DROP TABLE IF EXISTS `families`;

CREATE TABLE `families` (
  `family_name` varchar(100) NOT NULL,
  `patient_ID` int(11) NOT NULL,
  `donor_ID` int(11) NOT NULL,
  `hospital_ID` int(11) NOT NULL
);


INSERT INTO `families` 
VALUES ('Walter Young',100000001,200000001,300000001)
,('Minerva Coleman',100000002,200000002,300000001)
,('Dale Clayton',100000003,200000003,300000001)
,('Nancy Elledge',100000004,200000004,300000001)
,('Naomi Greenwood',100000005,200000005,300000001)
,('Ivor Blake',100000006,200000006,300000001)
,('Perry Rodgers',100000007,200000007,300000001)
,('Oscar Ballard',100000008,200000008,300000001)
,('Iris Ramsey',100000009,200000009,300000001)
,('Elena Harrison',100000010,200000010,300000001)
,('Don Farmer',100000011,200000011,300000001)
,('Eden Trivett',100000012,200000012,300000001)
,('Raven Oliver',100000013,200000013,300000001)
,('Paige Alexander',100000014,200000014,300000001)
,('Ward Shepherd',100000015,200000015,300000001)
,('Nancy Hayes',100000016,200000016,300000001)
,('Thomas Webster',100000017,200000017,300000001)
,('Rosemary Wagner',100000018,200000018,300000001)
,('Barclay Webster',100000019,200000019,300000001)
,('Diederick Ahlers',100000020,200000020,300000001)
,('Valentin Richter',100000021,200000021,300000001)
,('Gertrude Weiß',100000022,200000022,300000001)
,('Kunibert Schenck',100000023,200000023,300000001)
,('Marlene Kranz',100000024,200000024,300000001)
,('Bagwis Soriano',100000025,200000025,300000001)
,('Luzvimindo Harris',100000026,200000026,300000001)
,('Joriz Alexander',100000027,200000027,300000001)

,('Melchor Fernandez',100000028,200000028,300000002)
,('Rizalino Gomez',100000029,200000029,300000002)
,('Rodel Phillips',100000030,200000030,300000002)
,('Datu Villegas',100000031,200000031,300000002)
,('Heherson White',100000032,200000032,300000002)
,('Homobono Mercado',100000033,200000033,300000002)
,('Crisanto Salvador',100000034,200000034,300000002)
,('Rizalino Watson',100000035,200000035,300000002)
,('Gani Enriquez',100000036,200000036,300000002)
,('Igme Turner',100000037,200000037,300000002)
,('Rizaldo Desilva',100000038,200000038,300000002)
,('Gani Peralta',100000039,200000039,300000002)
,('Rosauro Adams',100000040,200000040,300000002)
,('Rosito Padua',100000041,200000041,300000002)
,('Joselito Martinez',100000042,200000042,300000002)

,('Rommel Perry',100000043,200000043,300000003)
,('Reynante Evangelista',100000044,200000044,300000003)
,('Rizal Padilla',100000045,200000045,300000003)
,('Pacifico Esguerra',100000046,200000046,300000003)
,('Fermin Campbell',100000047,200000047,300000003)
,('Romel Crisostomo',100000048,200000048,300000003)
,('Edcel Bautista',100000049,200000049,300000003)
,('Crisanto Mark',100000050,200000050,300000003)
,('Joselito Sarmiento',100000051,200000051,300000003)
,('Isko Peralta',100000052,200000052,300000003)

,('Sherwin Anderson',100000053,200000053,300000004)
,('Homobono Aquino',100000054,200000054,300000004)
,('Jose Vasquez',100000055,200000055,300000004)
,('Igme Mark',100000056,200000056,300000004)
,('Narding Salazar',100000057,200000057,300000004)
,('Gener Ortega',100000058,200000058,300000004)
,('Dakila Garcia',100000059,200000059,300000004)

,('Sherwin Castaneda',100000060,200000060,300000005)
,('Joriz Morales',100000061,200000061,300000005)
,('Rizal Miranda',100000062,200000062,300000005)
,('Pacifico Valdez',100000063,200000063,300000005)
,('Rodel Mendoza',100000064,200000064,300000005)
,('Danilo Garcia',100000065,200000065,300000005)
,('Restituto Flores',100000066,200000066,300000005)
,('Rodel Manalo',100000067,200000067,300000005)
,('Rommel Martin',100000068,200000068,300000005)
,('Romel Alcantara',100000069,200000069,300000005)
,('Rosito Cabrera',100000070,200000070,300000005)
,('Rosito Miranda',100000071,200000071,300000005)
,('Romel Manuel',100000072,200000072,300000005)
,('Kidlat Campos',100000073,200000073,300000005)
,('Gani Javier',100000074,200000074,300000005)

,('Isagani Espiritu',100000075,200000075,300000006)
,('Bagwis Miguel',100000076,200000076,300000006)
,('Aarón Arenas',100000077,200000077,300000006)
,('Sebastián Gonsalez',100000078,200000078,300000006)
,('Alejandra Jesus',100000079,200000079,300000006)
,('Eduarda Viernes',100000080,200000080,300000006)
,('Adelina Camarillo',100000081,200000081,300000006)
,('Peppi Olea',100000082,200000082,300000006)
,('Martirio Jacobo',100000083,200000083,300000006)

,('Ernesto Zorrilla',100000084,200000084,300000007)
,('Alicia Dominguez',100000085,200000085,300000007)
,('Gustavo Vera',100000086,200000086,300000007)
,('Tito Ferrera',100000087,200000087,300000007)
,('Eusbio Vegas',100000088,200000088,300000007)
,('Loída Calixto',100000089,200000089,300000007)
,('Arturo Escoto',100000090,200000090,300000007)
,('Elvira Casas',100000091,200000091,300000007)
,('Enrique Espiritu',100000092,200000092,300000007)
,('Adelaida Pastrana',100000093,200000093,300000007)
,('Sara Fallas',100000094,200000094,300000007)
,('Augusto Castillo',100000095,200000095,300000007)
,('Mónica Yepez',100000096,200000096,300000007)

,('Bajardo Manas',100000097,200000097,300000008)
,('Edmundo Balasco',100000098,200000098,300000008)
,('Rebeca Aros',100000099,200000099,300000008)
,('Celestina De la Fuente',100000100,200000100,300000008)
,('Timoteo Villarreal',100000101,200000101,300000008)
,('Vasco Canizales',100000102,200000102,300000008)
,('Eduarda Perdomo',100000103,200000103,300000008)
,('Bonita Zarco',100000104,200000104,300000008)
,('Angelica Aquino',100000105,200000105,300000008)
,('Rebeca Manas',100000106,200000106,300000008)

,('Dimas Escajeda',100000107,200000107,300000009)
,('Ladislao Aviles',100000108,200000108,300000009)
,('Tere Inocencio',100000109,200000109,300000009)
,('Custodia San Jose',100000110,200000110,300000009)
,('Thera Degollado',100000111,200000111,300000009)
,('Seve Britto',100000112,200000112,300000009)
,('Dominga Estrada',100000113,200000113,300000009)
,('Pepito Armando',100000114,200000114,300000009)

,('Caridad De Avila',100000115,200000115,300000010)
,('Hernando Fleites',100000116,200000116,300000010)
,('Silvestre Gonzaga',100000117,200000117,300000010)
,('Xiomara Nino',100000118,200000118,300000010)
,('Reyna Sambrano',100000119,200000119,300000010)
,('Gonzalo Parra',100000120,200000120,300000010)
,('Sanz Bustos',100000121,200000121,300000010)
,('Hipolito Escobar',100000122,200000122,300000010)
,('Valentia Veloz',100000123,200000123,300000010)
,('Agueda Lizardo',100000124,200000124,300000010)
,('Felipina Carda',100000125,200000125,300000010)
,('Régulo Aragon',100000126,200000126,300000010)
,('Amada De Cordova',100000127,200000127,300000010)
,('Silvio Carillo',100000128,200000128,300000010)
,('Nogales Carmen',100000129,200000129,300000010)

,('Cruz Nicolas',100000130,200000130,300000011)
,('Eugènia Ordaz',100000131,200000131,300000011)
,('Eduarda Castillo',100000132,200000132,300000011)
,('Parody Pastrano',100000133,200000133,300000011)
,('Lucio De la Vega',100000134,200000134,300000011)
,('Tere Jimenez',100000135,200000135,300000011)
,('Valentia Iniguez',100000136,200000136,300000011)
,('Vinicio Gonzalez',100000137,200000137,300000011)
,('Rodrigo San Roman',100000138,200000138,300000011)
,('Adelina Eugenio',100000139,200000139,300000011)
,('Adora Fuertes',100000140,200000140,300000011)
,('Villa Bolivar',100000141,200000141,300000011)
,('Rebeca Carda',100000142,200000142,300000011)
,('Arsenio Sancho',100000143,200000143,300000011)
,('Octavio Estay',100000144,200000144,300000011)
,('Ezequiel Santiesteban',100000145,200000145,300000011)
,('Antonietta Liberato',100000146,200000146,300000011)
,('Theresa De la Paz',100000147,200000147,300000011)
,('Jesús Marco',100000148,200000148,300000011)
,('Severino Ortez',100000149,200000149,300000011)
,('Santiago Noyola',100000150,200000150,300000011)
,('Marisol Francisco',100000151,200000151,300000011)
,('Mariangela Noda',100000152,200000152,300000011)

,('Carmela Esquilin',100000153,200000153,300000012)
,('Sanchia Fallas',100000154,200000154,300000012)
,('Raquel Esperanza',100000155,200000155,300000012)
,('Marisol Viloria',100000156,200000156,300000012)
,('Ermenegildo Pelaez',100000157,200000157,300000012)
,('Octavio Amores',100000158,200000158,300000012)
,('Valentín Perdomo',100000159,200000159,300000012)
,('Domingo Eugenio',100000160,200000160,300000012)
,('Perlita Encarnacion',100000161,200000161,300000012)
,('Damián Mangas',100000162,200000162,300000012)
,('Julio Bosque',100000163,200000163,300000012)
,('Dorita Yepez',100000164,200000164,300000012)
,('Dominga Vallez',100000165,200000165,300000012)

,('Leopoldo Castillo',100000166,200000166,300000013)
,('Olalla Mandujano',100000167,200000167,300000013)
,('Rufino Gloria',100000168,200000168,300000013)
,('Jimena Yniguez',100000169,200000169,300000013)
,('Camilo Godinez',100000170,200000170,300000013)
,('Iago Marcos',100000171,200000171,300000013)
,('Roberta Cadiz',100000172,200000172,300000013)
,('Eliseo Bocanegra',100000173,200000173,300000013)
,('Agata Serrano',100000174,200000174,300000013)
,('Sens San Jose',100000175,200000175,300000013)
,('Licea Amores',100000176,200000176,300000013)
,('Mireia Pascua',100000177,200000177,300000013)
,('Jorge Duque',100000178,200000178,300000013)
,('Cande Ortega',100000179,200000179,300000013)
,('Carmelo Carabajal',100000180,200000180,300000013)

,('Dorita Gonzalez',100000181,200000181,300000014)
,('Iago De Almeida',100000182,200000182,300000014)
,('Magdalena Savala',100000183,200000183,300000014)
,('Rebeca Cabanas',100000184,200000184,300000014)
,('Dolores Dorantes',100000185,200000185,300000014)
,('Ariadna Yepes',100000186,200000186,300000014)
,('Desiderio Duron',100000187,200000187,300000014)
,('Florentino Franco',100000188,200000188,300000014)
,('Ercilia Carda',100000189,200000189,300000014)
,('Renato Calvin',100000190,200000190,300000014)
,('Gracia Casados',100000191,200000191,300000014)
,('Piedad Fleites',100000192,200000192,300000014)
,('Rodrigo San Juan',100000193,200000193,300000014)

,('Juanita Gaytan',100000194,200000194,300000015)
,('Magdalena Varas',100000195,200000195,300000015)
,('Dulce Galeas',100000196,200000196,300000015)
,('Rogelio Zermeno',100000197,200000197,300000015)
,('Renata Godino',100000198,200000198,300000015)
,('Marianela Cardenas',100000199,200000199,300000015)
,('Fabián Santiesteban',100000200,200000200,300000015)
,('Cecilio Estay',100000201,200000201,300000015)
,('Dulce Llano',100000202,200000202,300000015)
,('Rufino Penaranda',100000203,200000203,300000015)
,('Lupita Fuertes',100000204,200000204,300000015)
,('Priscila Ferrin',100000205,200000205,300000015)
,('Brunilda Francisco',100000206,200000206,300000015)
,('Modesto Pastrana',100000207,200000207,300000015)
,('Manolo Arbelaez',100000208,200000208,300000015)

,('Marcano Manjarrez',100000209,200000209,300000016)
,('Gilberta Fabela',100000210,200000210,300000016)
,('Marcelo Velarde',100000211,200000211,300000016)
,('Adoria Castrejon',100000212,200000212,300000016)
,('Isandra De Noia',100000213,200000213,300000016)
,('Modesto Cea',100000214,200000214,300000016)
,('Pepito De Paula',100000215,200000215,300000016)
,('Maribel Bustamante',100000216,200000216,300000016)
,('Arsenio Vidales',100000217,200000217,300000016)
,('Maribel Sias',100000218,200000218,300000016)

,('Lorita Calleja',100000219,200000219,300000017)
,('Feliciana Limes',100000220,200000220,300000017)
,('Irene Burgos',100000221,200000221,300000017)
,('Celestina Siguenza',100000222,200000222,300000017)
,('Antonio De Dios',100000223,200000223,300000017)
,('Enriqueta Encarnacion',100000224,200000224,300000017)
,('Ignacio Del Castillo',100000225,200000225,300000017)
,('Adelmira Florez',100000226,200000226,300000017)
,('Frascuelo Maravilla',100000227,200000227,300000017)
,('Javier San Pedro',100000228,200000228,300000017)
,('Santiago Calderon',100000229,200000229,300000017)
,('Concepción Iniguez',100000230,200000230,300000017)

,('Pili De Santos',100000231,200000231,300000018)
,('Armando Castilla',100000232,200000232,300000018)
,('Miguela Aros',100000233,200000233,300000018)
,('Dimas Sancho',100000234,200000234,300000018)
,('Trini San Antonio',100000235,200000235,300000018)
,('Lope Bonilla',100000236,200000236,300000018)
,('Tacito Velasquez',100000237,200000237,300000018)
,('Elodia Manos',100000238,200000238,300000018)
,('Pepp Villaverde',100000239,200000239,300000018)

,('Javier Vallejo',100000240,200000240,300000019)
,('Pedro Oropeza',100000241,200000241,300000019)
,('Rebeca Jacinto',100000242,200000242,300000019)
,('Silvio Mano',100000243,200000243,300000019)
,('Concepción Calzadilla',100000244,200000244,300000019)
,('Emelina Galaz',100000245,200000245,300000019)

,('Roberta Tercero',100000246,200000246,300000020)
,('Mercedes Esquilin',100000247,200000247,300000020)
,('Estéban Campuzano',100000248,200000248,300000020)
,('Yazmin Yanez',100000249,200000249,300000020)
,('Elodia Florentino',100000250,200000250,300000020)
,('Eugènio Nevarez',100000251,200000251,300000020)
,('Odalys Anchondo',100000252,200000252,300000020)
,('Thera Del Rosario',100000253,200000253,300000020)
,('Novio Pedroso',100000254,200000254,300000020)
,('Carlos Arenas',100000255,200000255,300000020)

,('Alicia Calixto',100000256,200000256,300000021)
,('Santiago Avendano',100000257,200000257,300000021)
,('Bernardo Tesoro',100000258,200000258,300000021)
,('Capote Olivar',100000259,200000259,300000021)
,('Pastor Badilla',100000260,200000260,300000021)
,('Camilo Patricio',100000261,200000261,300000021)
,('Felipe Marciel',100000262,200000262,300000021)
,('Alexis Orrantia',100000263,200000263,300000021)
,('Mia Avelino',100000264,200000264,300000021)
,('Ernesto Sarmiento',100000265,200000265,300000021)
,('Zarita San Juan',100000266,200000266,300000021)

,('Alfredo Bobadilla',100000267,200000267,300000022)
,('Pepita Sibal',100000268,200000268,300000022)
,('Bibiana Davila',100000269,200000269,300000022)
,('Guiomar Cala',100000270,200000270,300000022)
,('Xenia Tolentino',100000271,200000271,300000022)
,('Novia Jerez',100000272,200000272,300000022)
,('Jenaro Gongora',100000273,200000273,300000022)
,('Basilia Del Valle',100000274,200000274,300000022)
,('Eliseo Vilchez',100000275,200000275,300000022)
,('Marita Cobos',100000276,200000276,300000022)
,('Adoria Bilbao',100000277,200000277,300000022)
,('Hilario Sanabria',100000278,200000278,300000022)

,('Geronimo Olivero',100000279,200000279,300000023)
,('Desi Jacobo',100000280,200000280,300000023)
,('Leon Ayo',100000281,200000281,300000023)
,('Ramira Esqueda',100000282,200000282,300000023)
,('Manolo Zara',100000283,200000283,300000023)
,('Gamez Duron',100000284,200000284,300000023)
,('Lita Ordonez',100000285,200000285,300000023)
,('Domingo Peguero',100000286,200000286,300000023)
,('Benito Toca',100000287,200000287,300000023)
,('Gustavo Lizana',100000288,200000288,300000023)
,('Dulce Bosque',100000289,200000289,300000023)
,('Amadis Flores',100000290,200000290,300000023)
,('Gabriela Escovedo',100000291,200000291,300000023)

,('Gabriela Manas',100000292,200000292,300000024)
,('Eusbio Bonilla',100000293,200000293,300000024)
,('Falla Verde',100000294,200000294,300000024)
,('Arsenio De Toro',100000295,200000295,300000024)
,('Claudio Saucedo',100000296,200000296,300000024)
,('Gilberta Nino',100000297,200000297,300000024)
,('Raimunda Pareja',100000298,200000298,300000024)

,('Noelia Pasion',100000299,200000299,300000025)
,('Odalis Tijerina',100000300,200000300,300000025)
,('Fermo Toral',100000301,200000301,300000025)
,('Candelaria Yepez',100000302,200000302,300000025)
,('Javier Tomes',100000303,200000303,300000025)

,('Reyna Antunez',100000304,200000304,300000026)
,('Ricardo De la Torre',100000305,200000305,300000026)
,('Raya Amores',100000306,200000306,300000026)
,('Enriqueta Olivares',100000307,200000307,300000026)
,('Miguel Bailen',100000308,200000308,300000026)
,('Estrella Nogales',100000309,200000309,300000026)
,('Mercedes Gallego',100000310,200000310,300000026)
,('Claudio Cartagena',100000311,200000311,300000026)
,('Gil Llanas',100000312,200000312,300000026)
,('Arcelia Torrico',100000313,200000313,300000026)

,('Emperatriz Perdomo',100000314,200000314,300000027)
,('Lolita De Paz',100000315,200000315,300000027)
,('Emigdio Ybanez',100000316,200000316,300000027)
,('Ria Limones',100000317,200000317,300000027)
,('Bernardo Fraire',100000318,200000318,300000027)
,('Emiliana Camargo',100000319,200000319,300000027)
,('Carmelita Galindo',100000320,200000320,300000027)
,('Manuela Manjarrez',100000321,200000321,300000027)
,('Hipolito Jiminez',100000322,200000322,300000027)
,('Aureliano Escajeda',100000323,200000323,300000027)

,('Felipa Canizales',100000324,200000324,300000028)
,('Enrique Sarmiento',100000325,200000325,300000028)
,('Sosimo Veloz',100000326,200000326,300000028)
,('Silvio Zevallos',100000327,200000327,300000028)
,('Gracia Esquivel',100000328,200000328,300000028)
,('Alano Capistran',100000329,200000329,300000028)
,('Pío Samora',100000330,200000330,300000028)
,('Lucinda De Avila',100000331,200000331,300000028)

,('María Vera',100000332,200000332,300000029)
,('Nazario Fraire',100000333,200000333,300000029)
,('Sol  Jimenez',100000334,200000334,300000029)
,('Galaz Fonseca',100000335,200000335,300000029)
,('Bobadilla Bustillo',100000336,200000336,300000029)
,('Severina Santander',100000337,200000337,300000029)
,('TereEpifaniosa Castrejon',100000338,200000338,300000029)
,('Eliseo Canales',100000339,200000339,300000029)
,('Teodoro Calleros',100000340,200000340,300000029)
,('Lucio Nuncio',100000341,200000341,300000029)
,('Cala Del Pino',100000342,200000342,300000029)

,('Clemente Pardo',100000343,200000343,300000030)
,('Javier Davalos',100000344,200000344,300000030)
,('Goito De Santiago',100000345,200000345,300000030)
,('Leopoldo Sia',100000346,200000346,300000030)
,('Benito Galindez',100000347,200000347,300000030)
,('Celestina Vasques',100000348,200000348,300000030)
,('Lope Fernando',100000349,200000349,300000030)
,('Desideria Badilla',100000350,200000350,300000030)
,('Nilda Jiron',100000351,200000351,300000030)
,('Emilio Marciel',100000352,200000352,300000030)
,('Gabriel Bravo',100000353,200000353,300000030)

,('Rafael Bocanegra',100000354,200000354,300000031)
,('Josefina Limes',100000355,200000355,300000031)
,('Imelda Carro',100000356,200000356,300000031)
,('Juan Orosco',100000357,200000357,300000031)
,('Estela Cartagena',100000358,200000358,300000031)
,('Felicia Amparan',100000359,200000359,300000031)
,('Ascencio Jaimes',100000360,200000360,300000031)
,('Urbano Avena',100000361,200000361,300000031)
,('Rafael Andujar',100000362,200000362,300000031)
,('Lupita Venegas',100000363,200000363,300000031)
,('Fraire Canizares',100000364,200000364,300000031)
,('Nito Ramirez',100000365,200000365,300000031)

,('Hieronimo Jacinto',100000366,200000366,300000032)
,('Gabaldon De Guzman',100000367,200000367,300000032)
,('Marcial Peres',100000368,200000368,300000032)
,('Trinidad Cardo',100000369,200000369,300000032)
,('Rodolfo Arebalo',100000370,200000370,300000032)
,('Herminia Irene',100000371,200000371,300000032)
,('Real Ector',100000372,200000372,300000032)
,('Marcelo Encinas',100000373,200000373,300000032)
,('Vinicio De Leon',100000374,200000374,300000032)
,('Velez Serrato',100000375,200000375,300000032)
,('Pedro Caraveo',100000376,200000376,300000032)
,('Francisca San Roman',100000377,200000377,300000032)

,('Evita Orduno',100000378,200000378,300000033)
,('Adelina Villar',100000379,200000379,300000033)
,('Catalina Leston',100000380,200000380,300000033)
,('Leoncio Pedrosa',100000381,200000381,300000033)
,('Cruz Fernando',100000382,200000382,300000033)
,('Cristpbal  Enciso',100000383,200000383,300000033)
,('Lupe Vegas',100000384,200000384,300000033)
,('Garrido Pedrosa',100000385,200000385,300000033)
,('Jorge Anchondo',100000386,200000386,300000033)
,('Topete Vallez',100000387,200000387,300000033)
,('Dugyot Zorrilla',100000388,200000388,300000033)
,('Godinez Artiles',100000389,200000389,300000033)
,('Lorita Espinal',100000390,200000390,300000033)

,('Leoncio Yepez',100000391,200000391,300000034)
,('Sara Jaimes',100000392,200000392,300000034)
,('Yessenia Badilla',100000393,200000393,300000034)
,('Remigio De la Cruz',100000394,200000394,300000034)
,('Geraldo Tinoco',100000395,200000395,300000034)
,('Maximiliano De Dios',100000396,200000396,300000034)
,('Manuel Cardozo',100000397,200000397,300000034)
,('Emigdia Bohorquez',100000398,200000398,300000034)
,('Dionisio Santillan',100000399,200000399,300000034)
,('Sal Busto',100000400,200000400,300000034)

,('Priscila Linan',100000401,200000401,300000035)
,('Faustino Capote',100000402,200000402,300000035)
,('Gamero Villasenor',100000403,200000403,300000035)
,('Pilar Liberato',100000404,200000404,300000035)
,('Enriqueta Orantes',100000405,200000405,300000035)
,('Trini Callejo',100000406,200000406,300000035)
,('Evita Ante',100000407,200000407,300000035)

,('Pili Viveros',100000408,200000408,300000036)
,('Leonor Galas',100000409,200000409,300000036)
,('Martirio Jiron',100000410,200000410,300000036)
,('Emilio Sepeda',100000411,200000411,300000036)
,('Faustina Olvera',100000412,200000412,300000036)
,('Novio Villas',100000413,200000413,300000036)
,('Ramona Pascual',100000414,200000414,300000036)
,('Antonietta Escamilla',100000415,200000415,300000036)
,('Seve Manuel',100000416,200000416,300000036)
,('Tercero Marco',100000417,200000417,300000036)
,('Tineo Lino',100000418,200000418,300000036)
,('Gerardo Sibila',100000419,200000419,300000036)
,('Elmira Del Toro',100000420,200000420,300000036)
,('Mario San Juan',100000421,200000421,300000036)
,('Gabriela Teodoro',100000422,200000422,300000036)
,('Salom Can',100000423,200000423,300000036)
,('Pino Bocanegra',100000424,200000424,300000036)
,('Rico Calixto',100000425,200000425,300000036)
,('Feliciano Lira',100000426,200000426,300000036)
,('Gracia Balan',100000427,200000427,300000036)
,('Fidel Badia',100000428,200000428,300000036)
,('Patricia Vilches',100000429,200000429,300000036)
,('Elmiro Cano',100000430,200000430,300000036)
,('Manuel Fleitas',100000431,200000431,300000036)
,('Basilio Rabago',100000432,200000432,300000036)

,('Ambrosio Ascencio',100000433,200000433,300000037)
,('Jaim Cabeza',100000434,200000434,300000037)
,('Pepito Fanta',100000435,200000435,300000037)
,('Apolinar Olivas',100000436,200000436,300000037)
,('Dionisia Capote',100000437,200000437,300000037)
,('Emilio Nieto',100000438,200000438,300000037)
,('Sancha Gardon',100000439,200000439,300000037)
,('Duque Del Pino',100000440,200000440,300000037)
,('Adelina Villareal',100000441,200000441,300000037)
,('Magdalena De la Pena',100000442,200000442,300000037)
,('Olivares Calles',100000443,200000443,300000037)
,('Ladislao Tomes',100000444,200000444,300000037)
,('Ector Canizales',100000445,200000445,300000037)
,('Carmelita Torrico',100000446,200000446,300000037)
,('Sarita Del Pino',100000447,200000447,300000037)
,('Armando De Almeida',100000448,200000448,300000037)

,('Bibiana Parra',100000449,200000449,300000038)
,('Tere Fregoso',100000450,200000450,300000038)
,('Caridad Manriquez',100000451,200000451,300000038)
,('Apostol Gil',100000452,200000452,300000038)
,('Consuelo Echevarria',100000453,200000453,300000038)
,('Canedo Amores',100000454,200000454,300000038)
,('Dorita Deniz',100000455,200000455,300000038)
,('Perpetua Peraza',100000456,200000456,300000038)
,('Natalia Gonzalez',100000457,200000457,300000038)
,('name',100000458,200000458,300000038)
,('Alfredo Gonsalez',100000459,200000459,300000038)
,('Iñes Marco',100000460,200000460,300000038)
,('Dulce Campoverde',100000461,200000461,300000038)

,('Aaron Galano',100000462,200000462,300000039)
,('Valentina Franco',100000463,200000463,300000039)
,('Mercedes  Llanas',100000464,200000464,300000039)
,('Marcelo Peralez',100000465,200000465,300000039)
,('Emiliano Isidro',100000466,200000466,300000039)
,('Vielma Capote',100000467,200000467,300000039)
,('Wilfredo Cala',100000468,200000468,300000039)
,('Emiliana Canizares',100000469,200000469,300000039)
,('Rocio Burgos',100000470,200000470,300000039)
,('Elodia Burgos',100000471,200000471,300000039)

,('Zarita Dorantes',100000472,200000472,300000040)
,('Urbano Angeles',100000473,200000473,300000040)
,('Roberto Fleitas',100000474,200000474,300000040)
,('Degollado Villanueva',100000475,200000475,300000040)
,('Edgardo De Guzman',100000476,200000476,300000040)
,('Lucinda Tirado',100000477,200000477,300000040)
,('Priscila Peres',100000478,200000478,300000040)
,('Iñigo Galban',100000479,200000479,300000040)

,('Maximiano Balasco',100000480,200000480,300000041)
,('Verdejo Flora',100000481,200000481,300000041)
,('Pilar Zorrilla',100000482,200000482,300000041)
,('Susanita Manriquez',100000483,200000483,300000041)
,('Olivares Angeles',100000484,200000484,300000041)
,('Lolita Gonsales',100000485,200000485,300000041)
,('Adriana Villescas',100000486,200000486,300000041)
,('Tonio Villescas',100000487,200000487,300000041)
,('Saulo Can',100000488,200000488,300000041)

,('Aina Veloz',100000489,200000489,300000042)
,('Isandro Gamino',100000490,200000490,300000042)
,('France Capistran',100000491,200000491,300000042)
,('Paulino Deniz',100000492,200000492,300000042)
,('Alisa Busto',100000493,200000493,300000042)
,('Toño Calzadilla',100000494,200000494,300000042)
,('Elvira Tardio',100000495,200000495,300000042)
,('Angélica Arebalo',100000496,200000496,300000042)

,('Ladislao Brion',100000497,200000497,300000043)
,('Tomes Galicia',100000498,200000498,300000043)
,('Campoy Arroyo',100000499,200000499,300000043)
,('Mamon Encinas',100000500,200000500,300000043)
,('Adelita Sauceda',100000501,200000501,300000043)
,('Eugènio Patron',100000502,200000502,300000043)
,('Candelas Tejada',100000503,200000503,300000043)
,('Sence Aquino',100000504,200000504,300000043)
,('Fabián De Santiago',100000505,200000505,300000043)
,('Consuela Mancilla',100000506,200000506,300000043)
,('Tolentino Zorrilla',100000507,200000507,300000043)
,('Anselmo Gerardo',100000508,200000508,300000043)
,('Raquel Olivar',100000509,200000509,300000043)
,('Carmela Tello',100000510,200000510,300000043)

,('Reynaldo Canizares',100000511,200000511,300000044)
,('Tesoro Tolentino',100000512,200000512,300000044)
,('Ramiro Velasquez',100000513,200000513,300000044)
,('Carlos Ariza',100000514,200000514,300000044)
,('Sancha Godines',100000515,200000515,300000044)
,('Alano Gordon',100000516,200000516,300000044)
,('Leticia Rascon',100000517,200000517,300000044)
,('Basilia Tellez',100000518,200000518,300000044)
,('Perpetua Frisco',100000519,200000519,300000044)

,('Eliseo Zevallos',100000520,200000520,300000045)
,('Magdalena Yanes',100000521,200000521,300000045)
,('Josefina Anguiano',100000522,200000522,300000045)
,('Silvestre Orihuela',100000523,200000523,300000045)
,('Pedraza Ignacio',100000524,200000524,300000045)
,('Odalis Cadenas',100000525,200000525,300000045)
,('Agapito Triano',100000526,200000526,300000045)
,('Davalos Nieto',100000527,200000527,300000045)
,('Martín Feliz',100000528,200000528,300000045)
,('Custodia Interiano',100000529,200000529,300000045)
,('Reina Feo',100000530,200000530,300000045)

,('Penaranda Gordillo',100000531,200000531,300000046)
,('Ambrosio Enrique',100000532,200000532,300000046)
,('Felipa Del Valle',100000533,200000533,300000046)
,('Ezequiel Pascua',100000534,200000534,300000046)
,('Rafaela Bobadilla',100000535,200000535,300000046)
,('Alita Vielma',100000536,200000536,300000046)
,('Tere Rada',100000537,200000537,300000046)
,('Carmelo Cartaya',100000538,200000538,300000046)
,('Eladio Galicia',100000539,200000539,300000046)
,('Lizardo Carreon',100000540,200000540,300000046)
,('Fonsie Bahena',100000541,200000541,300000046)

,('Rogelio Serna',100000542,200000542,300000047)
,('Lolita Orona',100000543,200000543,300000047)
,('Evita Artiles',100000544,200000544,300000047)
,('Reynaldo Badillo',100000545,200000545,300000047)
,('Guiomar Lino',100000546,200000546,300000047)
,('Zarita Armenteros',100000547,200000547,300000047)
,('Ermenegildo De Santiago',100000548,200000548,300000047)
,('Cruz Oropeza',100000549,200000549,300000047)

,('Pastor Torrente',100000550,200000550,300000048)
,('Josefina Tobar',100000551,200000551,300000048)
,('Gonsales Vilches',100000552,200000552,300000048)
,('Jaime Pasillas',100000553,200000553,300000048)
,('Tonio Cobos',100000554,200000554,300000048)
,('Geraldo Ector',100000555,200000555,300000048)
,('Ibbie Velez',100000556,200000556,300000048)
,('Paca De los Reyes',100000557,200000557,300000048)
,('Esmeralda Tarin',100000558,200000558,300000048)
,('Anibal Vasques',100000559,200000559,300000048)
,('Pilar Del Rosario',100000560,200000560,300000048)

,('Fabián Galeano',100000561,200000561,300000049)
,('Desideria De los Rios',100000562,200000562,300000049)
,('Tercero Ector',100000563,200000563,300000049)
,('Rebeca Fontanilla',100000564,200000564,300000049)
,('Yazmin Avellaneda',100000565,200000565,300000049)
,('Cecilio Enrique',100000566,200000566,300000049)
,('Pilar Peraza',100000567,200000567,300000049)
,('Mireia De Dios',100000568,200000568,300000049)
,('Neva Zermeno',100000569,200000569,300000049)

,('Ladislao Peno',100000570,200000570,300000050)
,('Vicente Partida',100000571,200000571,300000050)
,('Junípero Ferrera',100000572,200000572,300000050)
,('Tirado Trevino',100000573,200000573,300000050)
,('Lucio Avelino',100000574,200000574,300000050)
,('Gualtiera De Almeida',100000575,200000575,300000050)
,('Goito Pesina',100000576,200000576,300000050)
,('Toral Vega',100000577,200000577,300000050)

,('Renata Borrego',100000578,200000578,300000051)
,('Deifilia Diego',100000579,200000579,300000051)
,('Basilia Arguijo',100000580,200000580,300000051)
,('Tomas Del Moral',100000581,200000581,300000051)
,('Beatriz Tano',100000582,200000582,300000051)
,('Chiquita Zaragoza',100000583,200000583,300000051)
,('Alberto Gonzalez',100000584,200000584,300000051)
,('Nacho Lima',100000585,200000585,300000051)
,('Roldán Bojorquez',100000586,200000586,300000051)
,('Bajardo Tinoco',100000587,200000587,300000051)
,('Román Raya',100000588,200000588,300000051)

,('Lino Estrella',100000589,200000589,300000052)
,('Falla Pedroso',100000590,200000590,300000052)
,('Dominga Licona',100000591,200000591,300000052)
,('Paulino Parrilla Tolentino',100000592,200000592,300000052)
,('Cristóbal Mancillas',100000593,200000593,300000052)
,('Ivette Escarcega',100000594,200000594,300000052)
,('Caridad Caraveo',100000595,200000595,300000052)
,('Macarena Fontan',100000596,200000596,300000052)
,('Carmen Escarcega',100000597,200000597,300000052)
,('Xiomara Calixto',100000598,200000598,300000052)
,('Rodolfo Zayas',100000599,200000599,300000052)

,('Fonsie Ferrera',100000600,200000600,300000053)
,('Mario Bracero',100000601,200000601,300000053)
,('Camila Gamero',100000602,200000602,300000053)
,('Gamero Zevallos',100000603,200000603,300000053)
,('Angélica Tamez',100000604,200000604,300000053)
,('Francisca Garces',100000605,200000605,300000053)
,('Timoteo Gallardo',100000606,200000606,300000053)
,('Geraldo Fleitas',100000607,200000607,300000053)

,('Ramona Casado',100000608,200000608,300000054)
,('Alphonso Fernando',100000609,200000609,300000054)
,('Deifilia Amparan',100000610,200000610,300000054)
,('Vicente Floria',100000611,200000611,300000054)
,('Zarita Pico',100000612,200000612,300000054)

,('Antonietta Tovar',100000613,200000613,300000055)
,('Vito Nery',100000614,200000614,300000055)
,('Reynaldo Franqui',100000615,200000615,300000055)
,('María Casares',100000616,200000616,300000055)
,('Saulo Cardenas',100000617,200000617,300000055)
,('Olalla Pasqual',100000618,200000618,300000055)
,('Carmen Castellon',100000619,200000619,300000055)
,('Sancha Cabana',100000620,200000620,300000055)
,('Alphonso Tomey',100000621,200000621,300000055)

,('Gerardo Nieblas',100000622,200000622,300000056)
,('Alfredo Bobo',100000623,200000623,300000056)
,('Manuela Torralba',100000624,200000624,300000056)
,('Espejo Cain',100000625,200000625,300000056)
,('Edelmira Ramirez',100000626,200000626,300000056)
,('Camila Arroyo',100000627,200000627,300000056)
,('Macarena Mancillas',100000628,200000628,300000056)
,('Eusbio Toro',100000629,200000629,300000056)
,('Núria Sevilla',100000630,200000630,300000056)
,('Agustín Galban',100000631,200000631,300000056)
,('Ximen Farin',100000632,200000632,300000056)
,('Edgardo Vilchis',100000633,200000633,300000056)

,('Eloisa Britto',100000634,200000634,300000057)
,('Conchita Pedro',100000635,200000635,300000057)
,('Demetrio Perea',100000636,200000636,300000057)
,('Pepe Olmeda',100000637,200000637,300000057)
,('Imelda Rama',100000638,200000638,300000057)
,('Nohemi Bahena',100000639,200000639,300000057)
,('Fidelia Parco',100000640,200000640,300000057)

,('Jacobo De Paz',100000641,200000641,300000058)
,('Amadis Frontera',100000642,200000642,300000058)
,('Miguela Santiesteban',100000643,200000643,300000058)
,('Adelaida Teran',100000644,200000644,300000058)
,('Marta Baena',100000645,200000645,300000058)
,('Abelardo Sambrano',100000646,200000646,300000058)
,('Marcial Bosque',100000647,200000647,300000058)
,('Adrián Bras',100000648,200000648,300000058)
,('Adora Galicia',100000649,200000649,300000058)
,('Gracia Andino',100000650,200000650,300000058)
,('Ruy Fuerte',100000651,200000651,300000058)
,('Emiliano Valles',100000652,200000652,300000058)
,('Cristián Echevarria',100000653,200000653,300000058)

,('Jesús Capellan',100000654,200000654,300000059)
,('Martin Fuertes',100000655,200000655,300000059)
,('Toño Sanabria',100000656,200000656,300000059)
,('Emigdio Velarde',100000657,200000657,300000059)
,('Débora Dario',100000658,200000658,300000059)
,('Cruzita Jara',100000659,200000659,300000059)
,('Lupe Vicencio',100000660,200000660,300000059)
,('Constanza Calvillo',100000661,200000661,300000059)
,('Sancha Verde',100000662,200000662,300000059)
,('Ramona Villena',100000663,200000663,300000059)
,('Goito Verde',100000664,200000664,300000059)
,('Alicia Calles',100000665,200000665,300000059)
,('Marisol De Gracia',100000666,200000666,300000059)
,('Zenaida Sancho',100000667,200000667,300000059)
,('Rogerio Garza',100000668,200000668,300000059)
,('Rosita Orantes',100000669,200000669,300000059)

,('Pastora Vargas',100000670,200000670,300000060)
,('Marta Varas',100000671,200000671,300000060)
,('Eberardo Samora',100000672,200000672,300000060)
,('Tacito Gallego',100000673,200000673,300000060)
,('Dionisio Santander',100000674,200000674,300000060)
,('Gilberto Villegas',100000675,200000675,300000060)
,('Dominguez Davalos',100000676,200000676,300000060)
,('Beatriz Del Campo',100000677,200000677,300000060)
,('Pino Gonzalez',100000678,200000678,300000060)
,('Jacobo Limones',100000679,200000679,300000060)
,('Raimunda Cabezas',100000680,200000680,300000060)
,('Lucio Torno',100000681,200000681,300000060)
,('Ria Jaquez',100000682,200000682,300000060)
,('Iñigo Tinoco',100000683,200000683,300000060)
,('Antonia Vielma',100000684,200000684,300000060)

,('Tercera Galeas',100000685,200000685,300000061)
,('Eusbio Franco',100000686,200000686,300000061)
,('Eberardo Buron',100000687,200000687,300000061)
,('Rogelio Bustillos',100000688,200000688,300000061)
,('Epifanio Parra',100000689,200000689,300000061)
,('Blanca Espin',100000690,200000690,300000061)
,('Renato Bojorquez',100000691,200000691,300000061)
,('Reina Manjarrez',100000692,200000692,300000061)

,('Marguerita Carillo',100000693,200000693,300000062)
,('Pedro Nieblas',100000694,200000694,300000062)
,('Hieronimo Olivar',100000695,200000695,300000062)
,('Angélica Durazo',100000696,200000696,300000062)
,('Antonia Carreno',100000697,200000697,300000062)
,('Adoria Pasqual',100000698,200000698,300000062)
,('Trini Castrejon',100000699,200000699,300000062)
,('Basilio Peno',100000700,200000700,300000062)
,('Clarisa Fuentes',100000701,200000701,300000062)

,('Leticia Salvo',100000702,200000702,300000063)
,('Teresa Gaona',100000703,200000703,300000063)
,('Jimena Velasquez',100000704,200000704,300000063)
,('Hieronimo Cala',100000705,200000705,300000063)
,('Priscila Ascencio',100000706,200000706,300000063)
,('Fermín Ortis',100000707,200000707,300000063)
,('Abraám Villavicencio',100000708,200000708,300000063)
,('Herminia Enriquez',100000709,200000709,300000063)
,('Esmerelda Triana',100000710,200000710,300000063)

,('Benito Ferraz',100000711,200000711,300000064)
,('Nita Escudero',100000712,200000712,300000064)
,('Candelas Escajeda',100000713,200000713,300000064)

,('Benita Vilchez',100000714,200000714,300000064)
,('Bernardita Galindez',100000715,200000715,300000064)
,('Amando Castellano',100000716,200000716,300000064)
,('Manuela Ramon',100000717,200000717,300000064)
,('Sol Tello',100000718,200000718,300000064)
,('Felipe Vaquera',100000719,200000719,300000064)

,('Elena Del Campo',100000720,200000720,300000065)
,('Antonio Brazil',100000721,200000721,300000065)
,('Marguerita Gomez',100000722,200000722,300000065)
,('Gilberta Jacinto',100000723,200000723,300000065)
,('Osvaldo Ascencio',100000724,200000724,300000065)
,('Marta Briseno',100000725,200000725,300000065)

,('Essua Casillas',100000726,200000726,300000066)
,('Rodolfo Ochoa',100000727,200000727,300000066)
,('Celino Peralez',100000728,200000728,300000066)
,('Susanita Garzon',100000729,200000729,300000066)

,('Gerardo Escalera',100000730,200000730,300000067)
,('Herminio Antonio',100000731,200000731,300000067)
,('Bernardita Topete',100000732,200000732,300000067);




-- Patients Table
DROP TABLE IF EXISTS `patients`;

CREATE TABLE `patients` (
  `patient_id` int(11) NOT NULL AUTO_INCREMENT,
  `patient_name` varchar(100) NOT NULL,
  `patient_sex` char(1) NOT NULL,
  `patient_blood_type` varchar(2) NOT NULL,
  `patient_HLA_typing` varchar(6) NOT NULL,
  PRIMARY KEY (`patient_id`)
);



ALTER TABLE `patients` AUTO_INCREMENT=100000001;


INSERT INTO `patients` (`patient_name`, `patient_sex`, `patient_blood_type`, `patient_HLA_typing`)
VALUES ('Walter Young','M','O','VGWUXC')
,('Minerva Coleman','F','O','WJMUQT')
,('Dale Clayton','M','O','ZTJDMF')
,('Nancy Elledge','F','O','MFKVJH')
,('Naomi Greenwood','F','O','ZXFMKT')
,('Ivor Blake','M','O','BDNUIP')
,('Perry Rodgers','M','O','KUILSQ')
,('Oscar Ballard','M','O','DUORWQ')
,('Iris Ramsey','M','O','BJKVOX')
,('Elena Harrison','F','O','DUORWQ')
,('Don Farmer','M','O','BJKVOX')
,('Eden Trivett','F','O','DUORWQ')
,('Raven Oliver','F','O','BJKVOX')
,('Paige Alexander','M','O','RDWAIJ')
,('Ward Shepherd','M','O','ZVFWKD')
,('Nancy Hayes','M','O','TFMVZQ')
,('Thomas Webster','M','O','QLKRXW')
,('Rosemary Wagner','F','O','HQWRNE')
,('Barclay Webster','F','O','HLFPNV')
,('Diederick Ahlers','M','O','NQGLVA')
,('Valentin Richter','M','O','KFCXAN')
,('Gertrude Weiß','M','O','NQGLVA')
,('Kunibert Schenck','M','O','VGWUXC')
,('Marlene Kranz','F','O','WJMUQT')
,('Bagwis Soriano','M','O','ZTJDMF')
,('Luzvimindo Harris','F','O','MFKVJH')
,('Joriz Alexander','F','O','ZXFMKT')
,('Melchor Fernandez','M','O','BDNUIP')
,('Rizalino Gomez','M','O','KUILSQ')
,('Rodel Phillips','M','O','DUORWQ')
,('Datu Villegas','M','O','BJKVOX')
,('Heherson White','F','O','DUORWQ')
,('Homobono Mercado','M','O','BJKVOX')
,('Crisanto Salvador','F','O','DUORWQ')
,('Rizalino Watson','F','O','BJKVOX')
,('Gani Enriquez','M','O','RDWAIJ')
,('Igme Turner','M','O','ZVFWKD')
,('Rizaldo Desilva','M','O','TFMVZQ')
,('Gani Peralta','M','O','QLKRXW')
,('Rosauro Adams','F','O','HQWRNE')
,('Rosito Padua','F','O','HLFPNV')
,('Joselito Martinez','M','O','NQGLVA')
,('Rommel Perry','M','O','KFCXAN')
,('Reynante Evangelista','M','O','NQGLVA')
,('Rizal Padilla','M','O','VGWUXC')
,('Pacifico Esguerra','F','O','WJMUQT')
,('Fermin Campbell','M','O','ZTJDMF')
,('Romel Crisostomo','F','O','MFKVJH')
,('Edcel Bautista','F','O','ZXFMKT')
,('Crisanto Mark','M','O','BDNUIP')
,('Joselito Sarmiento','M','O','KUILSQ')
,('Isko Peralta','M','O','DUORWQ')
,('Sherwin Anderson','M','O','BJKVOX')
,('Homobono Aquino','F','O','DUORWQ')
,('Jose Vasquez','M','O','BJKVOX')
,('Igme Mark','F','O','DUORWQ')
,('Narding Salazar','F','O','BJKVOX')
,('Gener Ortega','M','O','RDWAIJ')
,('Dakila Garcia','M','O','ZVFWKD')
,('Sherwin Castaneda','M','O','TFMVZQ')
,('Joriz Morales','M','O','QLKRXW')
,('Rizal Miranda','F','O','HQWRNE')
,('Pacifico Valdez','F','O','HLFPNV')
,('Rodel Mendoza','M','O','NQGLVA')
,('Danilo Garcia','M','O','KFCXAN')
,('Restituto Flores','M','O','NQGLVA')
,('Rodel Manalo','M','O','KWRZBN')
,('Rommel Martin','F','O','UQGKOH')
,('Romel Alcantara','M','O','CGIKNS')
,('Rosito Cabrera','F','O','HEWQLP')
,('Rosito Miranda','F','O','OWMTRV')
,('Romel Manuel','M','O','BDNUIP')
,('Kidlat Campos','M','O','KUILSQ')
,('Gani Javier','M','O','DUORWQ')
,('Isagani Espiritu','M','O','BJKVOX')
,('Bagwis Miguel','F','O','DUORWQ')
,('Aarón Arenas','M','O','DUORWQ')
,('Sebastián Gonsalez','F','O','JMTEKI')
,('Alejandra Jesus','F','O','RDWAIJ')
,('Eduarda Viernes','M','O','FLTJPS')
,('Adelina Camarillo','M','O','TFMVZQ')
,('Peppi Olea','M','O','QLKRXW')
,('Martirio Jacobo','F','O','HQWRNE')
,('Ernesto Zorrilla','F','O','HLFPNV')
,('Alicia Dominguez','M','O','NQGLVA')
,('Gustavo Vera','M','O','EGWAZY')
,('Tito Ferrera','M','O','IQWRNE')
,('Eusbio Vegas','M','O','HLFPNV')
,('Loída Calixto','F','O','NQGLVZ')
,('Arturo Escoto','M','O','KFCXAN')
,('Elvira Casas','F','O','ACMHLE')
,('Enrique Espiritu','F','O','AEXKMV')
,('Adelaida Pastrana','M','O','GNXQOV')
,('Sara Fallas','M','O','KUILSQ')
,('Augusto Castillo','M','O','DUORWQ')
,('Mónica Yepez','M','O','BJKVOX')
,('Bajardo Manas','F','O','DUORWQ')
,('Edmundo Balasco','M','O','WGMZFT')
,('Rebeca Aros','F','O','DUORWQ')
,('Celestina De la Fuente','F','O','BJKVOX')
,('Timoteo Villarreal','M','O','RDWAIJ')
,('Vasco Canizales','M','O','ZVFWKD')
,('Eduarda Perdomo','M','O','TFMVZQ')
,('Bonita Zarco','M','O','QLKRXW')
,('Angelica Aquino','F','O','HQWRNE')
,('Rebeca Manas','F','O','HLFPNV')
,('Dimas Escajeda','M','O','NQGLVA')
,('Ladislao Aviles','M','O','KFCXAN')
,('Tere Inocencio','M','O','NQGLVA')
,('Custodia San Jose','M','O','VGWUXC')
,('Thera Degollado','F','O','WJMUQT')
,('Seve Britto','M','O','ZTJDMF')
,('Dominga Estrada','F','O','MFKVJH')
,('Pepito Armando','F','O','ZXFMKT')
,('Caridad De Avila','M','O','BDNUIP')
,('Hernando Fleites','M','O','KUILSQ')
,('Silvestre Gonzaga','M','O','DUORWQ')
,('Xiomara Nino','F','O','DUORWQ')
,('Reyna Sambrano','M','O','BJKVOX')
,('Gonzalo Parra','F','O','DUORWQ')
,('Sanz Bustos','F','O','BJKVOX')
,('Hipolito Escobar','M','O','RDWAIJ')
,('Valentia Veloz','M','O','ZVFWKD')
,('Agueda Lizardo','M','O','TFMVZQ')
,('Felipina Carda','M','O','QLKRXW')
,('Régulo Aragon','F','O','HQWRNE')
,('Amada De Cordova','F','O','HLFPNV')
,('Silvio Carillo','M','O','NQGLVA')
,('Nogales Carmen','M','O','KFCXAN')
,('Cruz Nicolas','M','O','NQGLVA')
,('Eugènia Ordaz','M','O','KWRZBN')
,('Eduarda Castillo','F','O','UQGKOH')
,('Parody Pastrano','M','O','CGIKNS')
,('Lucio De la Vega','F','O','VPGXKU')
,('Tere Jimenez','M','O','JZRBLK')
,('Valentia Iniguez','M','O','KUILSQ')
,('Vinicio Gonzalez','M','O','HSMCVX')
,('Rodrigo San Roman','M','O','IWDLAZ')
,('Adelina Eugenio','F','O','DUORWQ')
,('Adora Fuertes','M','O','DUORWQ')
,('Villa Bolivar','F','O','JMTEKI')
,('Rebeca Carda','M','O','FLTJPS')
,('Arsenio Sancho','M','O','TFMVZQ')
,('Octavio Estay','M','O','TFMVZQ')
,('Ezequiel Santiesteban','M','O','QLKRXW')
,('Antonietta Liberato','F','O','AQGTFN')
,('Theresa De la Paz','F','O','PDQXRM')
,('Jesús Marco','M','O','CGTJKP')
,('Severino Ortez','M','O','ZXUFAD')
,('Santiago Noyola','M','O','IQWRNE')
,('Marisol Francisco','M','O','HLFPNV')
,('Mariangela Noda','F','O','NQGLVZ')
,('Carmela Esquilin','M','O','KFCXAN')
,('Sanchia Fallas','F','O','ACMHLE')
,('Raquel Esperanza','F','O','AEXKMV')
,('Marisol Viloria','M','O','GNXQOV')
,('Ermenegildo Pelaez','M','O','KUILSQ')
,('Octavio Amores','M','O','DUORWQ')
,('Valentín Perdomo','M','O','WBMFXG')
,('Domingo Eugenio','F','O','ZTOGXR')
,('Perlita Encarnacion','M','O','PDWAMK')
,('Damián Mangas','F','O','BOWDZU')
,('Julio Bosque','F','O','BJKVOX')
,('Dorita Yepez','M','O','RDWAIJ')
,('Dominga Vallez','M','O','ZVFWKD')
,('Leopoldo Castillo','M','O','TFMVZQ')
,('Olalla Mandujano','M','O','QLKRXW')
,('Rufino Gloria','F','O','HQWRNE')
,('Jimena Yniguez','F','O','HLFPNV')
,('Camilo Godinez','M','O','NQGLVA')
,('Iago Marcos','M','O','KFCXAN')
,('Roberta Cadiz','M','O','NQGLVA')
,('Eliseo Bocanegra','M','O','LTXEPH')
,('Agata Serrano','F','O','TSZAPX')
,('Sens San Jose','M','O','HEIQZR')
,('Licea Amores','F','O','MFKVJH')
,('Mireia Pascua','F','O','ZXFMKT')
,('Jorge Duque','M','O','BDNUIP')
,('Cande Ortega','M','O','KUILSQ')
,('Carmelo Carabajal','M','O','DUORWQ')
,('Dorita Gonzalez','M','O','BJKVOX')
,('Iago De Almeida','F','O','DUORWQ')
,('Magdalena Savala','M','O','BJKVOX')
,('Rebeca Cabanas','F','O','DUORWQ')
,('Dolores Dorantes','F','O','BJKVOX')
,('Ariadna Yepes','M','O','GCLSJA')
,('Desiderio Duron','M','O','LSHXGR')
,('Florentino Franco','M','O','TFMVZQ')
,('Ercilia Carda','M','O','GXIDPS')
,('Renato Calvin','F','O','HQWRNE')
,('Gracia Casado','F','O','HLFPNV')
,('Piedad Fleites','M','O','NQGLVA')
,('Rodrigo San Juan','M','O','GLUQBH')
,('Juanita Gaytan','M','O','CEXZWS')
,('Magdalena Varas','M','O','KWRZBN')
,('Dulce Galeas','F','O','UQGKOH')
,('Rogelio Zermeno','M','O','CGIKNS')
,('Renata Godino','F','O','HEWQLP')
,('Marianela Cardenas','F','O','VPGXKU')
,('Fabián Santiesteban','M','O','JZRBLK')
,('Cecilio Estay','M','O','KUILSQ')
,('Dulce Llano','M','O','HSMCVX')
,('Rufino Penaranda','M','O','IWDLAZ')
,('Lupita Fuertes','F','O','DUORWQ')
,('Priscila Ferrin','M','O','DUORWQ')
,('Brunilda Francisco','F','O','JMTEKI')
,('Modesto Pastrana','F','O','RDWAIJ')
,('Manolo Arbelaez','M','O','FLTJPS')
,('Marcano Manjarrez','M','O','TFMVZQ')
,('Gilberta Fabela','M','O','TFMVZQ')
,('Marcelo Velarde','M','O','QLKRXW')
,('Adoria Castrejon','F','O','AQGTFN')
,('Isandra De Noia','F','O','PDQXRM')
,('Modesto Cea','M','O','CGTJKP')
,('Pepito De Paula','M','O','ZXUFAD')
,('Maribel Bustamante','F','O','IQWRNE')
,('Arsenio Vidales','M','O','HLFPNV')
,('Maribel Sias','F','O','NQGLVZ')
,('Lorita Calleja','M','O','KFCXAN')
,('Feliciana Limes','F','O','ACMHLE')
,('Irene Burgos','F','O','AEXKMV')
,('Celestina Siguenza','M','O','GNXQOV')
,('Antonio De Dios','M','O','KUILSQ')
,('Enriqueta Encarnacion','M','O','DUORWQ')
,('Ignacio Del Castillo','M','O','WBMFXG')
,('Adelmira Florez','F','O','ZTOGXR')
,('Frascuelo Maravilla','M','O','PDWAMK')
,('Javier San Pedro','F','O','BOWDZU')
,('Santiago Calderon','F','O','BJKVOX')
,('Concepción Iniguez','M','O','RDWAIJ')
,('Pili De Santos','M','O','ZVFWKD')
,('Armando Castilla','M','O','TFMVZQ')
,('Miguela Aros','M','O','QLKRXW')
,('Dimas Sancho','F','O','HQWRNE')
,('Trini San Antonio','F','O','HLFPNV')
,('Lope Bonilla','M','O','KFCXAN')
,('Tacito Velasquez','M','O','NQGLVA')
,('Elodia Manos','F','O','LTXEPH')
,('Pepp Villaverde','F','O','TSZAPX')
,('Javier Vallejo','M','O','HEIQZR')
,('Pedro Oropeza','F','O','MFKVJH')
,('Rebeca Jacinto','F','O','ZXFMKT')
,('Silvio Mano','M','O','BDNUIP')
,('Concepción Calzadilla','M','O','KUILSQ')
,('Emelina Galaz','M','O','DUORWQ')
,('Roberta Tercero','M','O','BJKVOX')
,('Mercedes Esquilin','F','O','DUORWQ')
,('Estéban Campuzano','M','O','BJKVOX')
,('Yazmin Yanez','F','O','DUORWQ')
,('Elodia Florentino','F','O','BJKVOX')
,('Eugènio Nevarez','M','O','GCLSJA')
,('Odalys Anchondo','M','O','LSHXGR')
,('Thera Del Rosario','M','O','TFMVZQ')
,('Novio Pedroso','M','O','GXIDPS')
,('Carlos Arenas','F','O','HQWRNE')
,('Alicia Calixto','F','O','HLFPNV')
,('Santiago Avendano','M','O','NQGLVA')
,('Bernardo Tesoro','M','O','GLUQBH')
,('Jacinto Olivar','M','O','CEXZWS')
,('Pastor Badilla','M','A','VGWUXC')
,('Camilo Patricio','F','A','WJMUQT')
,('Felipe Marciel','M','A','ZTJDMF')
,('Alexis Orrantia','F','A','MFKVJH')
,('Mia Avelino','F','A','ZXFMKT')
,('Ernesto Sarmiento','M','A','BDNUIP')
,('Zarita San Juan','M','A','KUILSQ')
,('Alfredo Bobadilla','M','A','DUORWQ')
,('Pepita Sibal','M','A','BJKVOX')
,('Bibiana Davila','F','A','DUORWQ')
,('Guiomar Cala','M','A','BJKVOX')
,('Xenia Tolentino','F','A','DUORWQ')
,('Novia Jerez','F','A','BJKVOX')
,('Jenaro Gongora','M','A','RDWAIJ')
,('Basilia Del Valle','M','A','ZVFWKD')
,('Eliseo Vilchez','M','A','TFMVZQ')
,('Marita Cobos','M','A','QLKRXW')
,('Adoria Bilbao','F','A','HLFPNV')
,('Hilario Sanabria','M','A','NQGLVA')
,('Geronimo Olivero','M','A','KFCXAN')
,('Desi Jacobo','M','A','NQGLVA')
,('Leon Ayo','M','A','VGWUXC')
,('Ramira Esqueda','F','A','WJMUQT')
,('Manolo Zara','M','A','ZTJDMF')
,('Gamez Duron','F','A','MFKVJH')
,('Lita Ordonez','F','A','ZXFMKT')
,('Domingo Peguero','M','A','BDNUIP')
,('Benito Toca','M','A','KUILSQ')
,('Gustavo Lizana','M','A','DUORWQ')
,('Dulce Bosque','M','A','BJKVOX')
,('Amadis Flores','F','A','DUORWQ')
,('Gabriela Escovedo','M','A','BJKVOX')
,('Gabriela Manas','F','A','DUORWQ')
,('Eusbio Bonilla','F','A','BJKVOX')
,('Falla Verde','M','A','RDWAIJ')
,('Arsenio De Toro','M','A','ZVFWKD')
,('Claudio Saucedo','M','A','TFMVZQ')
,('Gilberta Nino','M','A','QLKRXW')
,('Raimunda Pareja','F','A','HQWRNE')
,('Noelia Pasion','F','A','HLFPNV')
,('Odalis Tijerina','M','A','NQGLVA')
,('Fermo Toral','M','A','KFCXAN')
,('Candelaria Yepez','M','A','NQGLVA')
,('Javier Tomes','M','A','VGWUXC')
,('Reyna Antunez','F','A','WJMUQT')
,('Ricardo De la Torre','M','A','ZTJDMF')
,('Raya Amores','F','A','MFKVJH')
,('Enriqueta Olivares','F','A','ZXFMKT')
,('Miguel Bailen','M','A','BDNUIP')
,('Estrella Nogales','M','A','KUILSQ')
,('Mercedes Gallego','M','A','DUORWQ')
,('Claudio Cartagena','M','A','BJKVOX')
,('Gil Llanas','F','A','DUORWQ')
,('Arcelia Torrico','M','A','BJKVOX')
,('Emperatriz Perdomo','F','A','DUORWQ')
,('Lolita De Paz','F','A','BJKVOX')
,('Emigdio Ybanez','M','A','RDWAIJ')
,('Ria Limones','M','A','ZVFWKD')
,('Bernardo Fraire','M','A','TFMVZQ')
,('Emiliana Camargo','M','A','QLKRXW')
,('Carmelita Galindo','F','A','HQWRNE')
,('Manuela Manjarrez','F','A','HLFPNV')
,('Hipolito Jiminez','M','A','NQGLVA')
,('Aureliano Escajeda','M','A','KFCXAN')
,('Felipa Canizales','M','A','NQGLVA')
,('Enrique Sarmiento','M','A','VGWUXC')
,('Sosimo Veloz','F','A','WJMUQT')
,('Silvio Zevallos','M','A','ZTJDMF')
,('Gracia Esquivel','F','A','MFKVJH')
,('Alano Capistran','F','A','ZXFMKT')
,('Pío Samora','M','A','BDNUIP')
,('Lucinda De Avila','M','A','KUILSQ')
,('María Vera','M','A','DUORWQ')
,('Nazario Fraire','M','A','BJKVOX')
,('Sol  Jimenez','F','A','DUORWQ')
,('Galaz Fonseca','M','A','BJKVOX')
,('Bobadilla Bustillo','F','A','DUORWQ')
,('Severina Santander','F','A','BJKVOX')
,('Epifanio Castrejon','M','A','RDWAIJ')
,('Eliseo Canales','M','A','ZVFWKD')
,('Teodoro Calleros','M','A','TFMVZQ')
,('Lucio Nuncio','M','A','QLKRXW')
,('Cala Del Pino','F','A','HQWRNE')
,('Clemente Pardo','F','A','HLFPNV')
,('Javier Davalos','M','A','NQGLVA')
,('Goito De Santiago','M','A','KFCXAN')
,('Leopoldo Sia','M','A','NQGLVA')
,('Benito Galindez','M','A','VGWUXC')
,('Celestina Vasques','F','A','WJMUQT')
,('Lope Fernando','M','A','ZTJDMF')
,('Desideria Badilla','F','A','MFKVJH')
,('Nilda Jiron','F','A','ZXFMKT')
,('Emilio Marciel','M','A','BDNUIP')
,('Gabriel Bravo','M','A','KUILSQ')
,('Rafael Bocanegra','M','A','DUORWQ')
,('Josefina Limes','M','A','BJKVOX')
,('Imelda Carro','F','A','DUORWQ')
,('Juan Orosco','M','A','BJKVOX')
,('Estela Cartagena','F','A','DUORWQ')
,('Felicia Amparan','F','A','BJKVOX')
,('Ascencio Jaimes','M','A','RDWAIJ')
,('Urbano Avena','M','A','ZVFWKD')
,('Rafael Andujar','M','A','TFMVZQ')
,('Lupita Venegas','M','A','QLKRXW')
,('Fraire Canizares','F','A','HQWRNE')
,('Nito Ramirez','M','A','NQGLVA')
,('Hieronimo Jacinto','M','A','KFCXAN')
,('Gabaldon De Guzman','M','A','NQGLVA')
,('Marcial Peres','M','A','VGWUXC')
,('Trinidad Cardo','F','A','WJMUQT')
,('Rodolfo Arebalo','M','A','ZTJDMF')
,('Herminia Irene','F','A','MFKVJH')
,('Real Ector','F','A','ZXFMKT')
,('Marcelo Encinas','M','A','BDNUIP')
,('Vinicio De Leon','M','A','KUILSQ')
,('Velez Serrato','M','A','DUORWQ')
,('Pedro Caraveo','M','A','BJKVOX')
,('Francisca San Roman','F','A','DUORWQ')
,('Evita Orduno','M','A','BJKVOX')
,('Adelina Villar','F','A','DUORWQ')
,('Catalina Leston','F','A','BJKVOX')
,('Leoncio Pedrosa','M','A','RDWAIJ')
,('Cruz Fernando','M','A','ZVFWKD')
,('Cristpbal  Enciso','M','A','QLKRXW')
,('Lupe Vegas','F','A','HQWRNE')
,('Garrido Pedrosa','F','A','HLFPNV')
,('Jorge Anchondo','M','A','NQGLVA')
,('Topete Vallez','M','A','KFCXAN')
,('Dugyot Zorrilla','M','A','NQGLVA')
,('Godinez Artiles','M','A','KWRZBN')
,('Lorita Espinal','F','A','UQGKOH')
,('Leoncio Yepez','M','A','CGIKNS')
,('Sara Jaimes','F','A','HEWQLP')
,('Yessenia Badilla','F','A','VPGXKU')
,('Remigio De la Cruz','M','A','JZRBLK')
,('Geraldo Tinoco','M','A','KUILSQ')
,('Maximiliano De Dios','M','A','HSMCVX')
,('Manuel Cardozo','M','A','IWDLAZ')
,('Emigdia Bohorquez','F','A','DUORWQ')
,('Dionisio Santillan','M','A','DUORWQ')
,('Sal Busto','F','A','JMTEKI')
,('Priscila Linan','F','A','RDWAIJ')
,('Faustino Capote','M','A','FLTJPS')
,('Gamero Villasenor','M','A','TFMVZQ')
,('Pilar Liberato','M','A','TFMVZQ')
,('Enriqueta Orantes','M','A','QLKRXW')
,('Trini Callejo','F','A','AQGTFN')
,('Evita Ante','F','A','PDQXRM')
,('Pili Viveros','M','A','CGTJKP')
,('Leonor Galas','M','A','ZXUFAD')
,('Martirio Jiron','M','A','IQWRNE')
,('Emilio Sepeda','M','A','HLFPNV')
,('Faustina Olvera','F','A','NQGLVZ')
,('Blanca Villas','M','A','KFCXAN')
,('Ramona Pascual','F','A','ACMHLE')
,('Antonietta Escamilla','F','A','AEXKMV')
,('Seve Manuel','M','A','GNXQOV')
,('Tercero Marco','M','A','KUILSQ')
,('Tineo Lino','M','A','DUORWQ')
,('Gerardo Sibila','M','A','WBMFXG')
,('Elmira Del Toro','F','A','ZTOGXR')
,('Mario San Juan','M','A','PDWAMK')
,('Gabriela Teodoro','F','A','BOWDZU')
,('Salom Can','F','A','BJKVOX')
,('Pino Bocanegra','M','A','RDWAIJ')
,('Rico Calixto','M','A','ZVFWKD')
,('Feliciano Lira','M','A','TFMVZQ')
,('Gracia Balan','M','A','QLKRXW')
,('Fidel Badia','F','A','HQWRNE')
,('Patricia Vilches','F','A','HLFPNV')
,('Elmiro Cano','M','A','NQGLVA')
,('Manuel Fleitas','M','A','KFCXAN')
,('Basilio Rabago','M','A','NQGLVA')
,('Ambrosio Ascencio','M','A','LTXEPH')
,('Jaim Cabeza','F','A','TSZAPX')
,('Pepito Fanta','M','A','HEIQZR')
,('Apolinar Olivas','F','A','MFKVJH')
,('Dionisia Capote','F','A','ZXFMKT')
,('Emilio Nieto','M','A','KWRZBN')
,('Sancha Gardon','F','A','UQGKOH')
,('Duque Del Pino','M','A','CGIKNS')
,('Adelina Villareal','F','A','HEWQLP')
,('Magdalena De la Pena','F','A','VPGXKU')
,('Olivares Calles','M','A','JZRBLK')
,('Ladislao Tomes','M','A','KUILSQ')
,('Ector Canizales','M','A','HSMCVX')
,('Carmelita Torrico','M','A','IWDLAZ')
,('Sarita Del Pino','F','A','DUORWQ')
,('Armando De Almeida','M','A','DUORWQ')
,('Bibiana Parra','F','A','JMTEKI')
,('Tere Fregoso','F','A','RDWAIJ')
,('Caridad Manriquez','M','A','FLTJPS')
,('Apostol Gil','M','A','TFMVZQ')
,('Consuelo Echevarria','M','A','TFMVZQ')
,('Canedo Amores','M','A','QLKRXW')
,('Dorita Deniz','F','A','AQGTFN')
,('Perpetua Peraza','F','A','PDQXRM')
,('Natalia Gonzalez','F','A','CGTJKP')
,('patient_name','M','A','ZXUFAD')
,('Alfredo Gonsalez','M','A','IQWRNE')
,('Iñes Marco','M','A','HLFPNV')
,('Dulce Campoverde','F','A','NQGLVZ')
,('Aaron Galano','M','A','KFCXAN')
,('Valentina Franco','F','A','ACMHLE')
,('Mercedes  Llanas','F','A','AEXKMV')
,('Marcelo Peralez','M','A','GNXQOV')
,('Emiliano Isidro','M','A','KUILSQ')
,('Vielma Capote','M','A','DUORWQ')
,('Wilfredo Cala','M','A','WBMFXG')
,('Emiliana Canizares','F','A','ZTOGXR')
,('Rocio Burgos','M','A','PDWAMK')
,('Elodia Burgos','F','A','BOWDZU')
,('Zarita Dorantes','F','A','BJKVOX')
,('Urbano Angeles','M','A','RDWAIJ')
,('Roberto Fleitas','M','A','ZVFWKD')
,('Degollado Villanueva','M','A','TFMVZQ')
,('Edgardo De Guzman','M','A','QLKRXW')
,('Lucinda Tirado','F','A','HQWRNE')
,('Priscila Peres','F','A','HLFPNV')
,('Iñigo Galban','M','A','NQGLVA')
,('Maximiano Balasco','M','A','KFCXAN')
,('Verdejo Flora','M','A','NQGLVA')
,('Pilar Zorrilla','M','A','LTXEPH')
,('Susanita Manriquez','F','A','TSZAPX')
,('Olivares Angeles','M','A','HEIQZR')
,('Lolita Gonsales','F','A','MFKVJH')
,('Adriana Villescas','F','A','ZXFMKT')
,('Tonio Villescas','M','A','BDNUIP')
,('Saulo Can','M','A','KUILSQ')
,('Aina Veloz','M','A','DUORWQ')
,('Isandro Gamino','M','A','BJKVOX')
,('France Capistran','F','A','DUORWQ')
,('Paulino Deniz','M','B','VGWUXC')
,('Alisa Busto','F','B','WJMUQT')
,('Toño Calzadilla','M','B','ZTJDMF')
,('Elvira Tardio','F','B','MFKVJH')
,('Angélica Arebalo','F','B','ZXFMKT')
,('Ladislao Brion','M','B','BDNUIP')
,('Tomes Galicia','M','B','KUILSQ')
,('Campoy Arroyo','M','B','DUORWQ')
,('Mamon Encinas','M','B','BJKVOX')
,('Adelita Sauceda','F','B','DUORWQ')
,('Eugènio Patron','M','B','BJKVOX')
,('Candelas Tejada','F','B','DUORWQ')
,('Sence Aquino','F','B','BJKVOX')
,('Fabián De Santiago','M','B','RDWAIJ')
,('Consuela Mancilla','M','B','ZVFWKD')
,('Tolentino Zorrilla','M','B','TFMVZQ')
,('Anselmo Gerardo','M','B','QLKRXW')
,('Raquel Olivar','F','B','HQWRNE')
,('Carmela Tello','F','B','HLFPNV')
,('Reynaldo Canizares','M','B','NQGLVA')
,('Tesoro Tolentino','M','B','KFCXAN')
,('Ramiro Velasquez','M','B','NQGLVA')
,('Carlos Ariza','M','B','VGWUXC')
,('Sancha Godines','F','B','WJMUQT')
,('Alano Gordon','M','B','ZTJDMF')
,('Leticia Rascon','F','B','MFKVJH')
,('Basilia Tellez','M','B','KWRZBN')
,('Perpetua Frisco','F','B','UQGKOH')
,('Eliseo Zevallos','M','B','CGIKNS')
,('Magdalena Yanes','F','B','HEWQLP')
,('Josefina Anguiano','F','B','OWMTRV')
,('Silvestre Orihuela','M','B','BDNUIP')
,('Pedraza Ignacio','M','B','KUILSQ')
,('Odalis Cadenas','M','B','DUORWQ')
,('Agapito Triano','M','B','BJKVOX')
,('Davalos Nieto','F','B','DUORWQ')
,('Martín Feliz','M','B','DUORWQ')
,('Custodia Interiano','F','B','JMTEKI')
,('Reina Feo','F','B','RDWAIJ')
,('Penaranda Gordillo','M','B','FLTJPS')
,('Ambrosio Enrique','M','B','TFMVZQ')
,('Felipa Del Valle','M','B','TFMVZQ')
,('Ezequiel Pascua','M','B','QLKRXW')
,('Rafaela Bobadilla','F','B','HQWRNE')
,('Alita Vielma','F','B','HLFPNV')
,('Tere Rada','M','B','NQGLVA')
,('Carmelo Cartaya','M','B','EGWAZY')
,('Eladio Galicia','M','B','IQWRNE')
,('Lizardo Carreon','M','B','HLFPNV')
,('Fonsie Bahena','F','B','NQGLVZ')
,('Rogelio Serna','M','B','KFCXAN')
,('Lolita Orona','F','B','ACMHLE')
,('Evita Artiles','F','B','AEXKMV')
,('Reynaldo Badillo','M','B','GNXQOV')
,('Guiomar Lino','M','B','KUILSQ')
,('Zarita Armenteros','M','B','DUORWQ')
,('Ermenegildo De Santiago','M','B','BJKVOX')
,('Cruz Oropeza','F','B','DUORWQ')
,('Pastor Torrente','M','B','WGMZFT')
,('Josefina Tobar','F','B','DUORWQ')
,('Gonsales Vilches','F','B','BJKVOX')
,('Jaime Pasillas','M','B','RDWAIJ')
,('Tonio Cobos','M','B','ZVFWKD')
,('Geraldo Ector','M','B','TFMVZQ')
,('Ibbie Velez','M','B','QLKRXW')
,('Paca De los Reyes','F','B','HQWRNE')
,('Esmeralda Tarin','F','B','HLFPNV')
,('Anibal Vasques','M','B','NQGLVA')
,('Pilar Del Rosario','M','B','NQGLVA')
,('Fabián Galeano','M','B','VGWUXC')
,('Desideria De los Rios','F','B','WJMUQT')
,('Tercero Ector','M','B','ZTJDMF')
,('Rebeca Fontanilla','F','B','MFKVJH')
,('Yazmin Avellaneda','F','B','ZXFMKT')
,('Cecilio Enrique','M','B','VGWUXC')
,('Pilar Peraza','F','B','WJMUQT')
,('Mireia De Dios','M','B','ZTJDMF')
,('Neva Zermeno','F','B','MFKVJH')
,('Ladislao Peno','F','B','ZXFMKT')
,('Vicente Partida','M','B','BDNUIP')
,('Junípero Ferrera','M','B','KUILSQ')
,('Tirado Trevino','M','B','DUORWQ')
,('Lucio Avelino','M','B','BJKVOX')
,('Gualtiera De Almeida','F','B','DUORWQ')
,('Goito Pesina','M','B','BJKVOX')
,('Toral Vega','F','B','DUORWQ')
,('Renata Borrego','F','B','BJKVOX')
,('Deifilia Diego','M','B','KWRZBN')
,('Basilia Arguijo','F','B','UQGKOH')
,('Tomas Del Moral','M','B','CGIKNS')
,('Beatriz Tano','F','B','HEWQLP')
,('Chiquita Zaragoza','F','B','VPGXKU')
,('Alberto Gonzalez','M','B','JZRBLK')
,('Nacho Lima','M','B','KUILSQ')
,('Roldán Bojorquez','M','B','HSMCVX')
,('Bajardo Tinoco','M','B','IWDLAZ')
,('Román Raya','F','B','DUORWQ')
,('Lino Estrella','M','B','DUORWQ')
,('Falla Pedroso','F','B','JMTEKI')
,('Dominga Licona','F','B','RDWAIJ')
,('Paulino Parrilla Tolentino','M','B','FLTJPS')
,('Cristóbal Mancillas','M','B','TFMVZQ')
,('Ivette Escarcega','M','B','TFMVZQ')
,('Caridad Caraveo','M','B','QLKRXW')
,('Macarena Fontan','F','B','AQGTFN')
,('Carmen Escarcega','F','B','PDQXRM')
,('Xiomara Calixto','F','B','CGTJKP')
,('Rodolfo Zayas','M','B','ZXUFAD')
,('Fonsie Ferrera','M','B','IQWRNE')
,('Mario Bracero','M','B','HLFPNV')
,('Camila Gamero','F','B','NQGLVZ')
,('Gamero Zevallos','M','B','KFCXAN')
,('Angélica Tamez','F','B','ACMHLE')
,('Francisca Garces','F','B','AEXKMV')
,('Timoteo Gallardo','M','B','GNXQOV')
,('Geraldo Fleitas','M','B','KUILSQ')
,('Ramona Casado','F','B','DUORWQ')
,('Alphonso Fernando','M','B','WBMFXG')
,('Deifilia Amparan','F','B','ZTOGXR')
,('Vicente Floria','M','B','BJKVOX')
,('Zarita Pico','F','B','DUORWQ')
,('Antonietta Tovar','F','B','BJKVOX')
,('Vito Nery','M','B','GCLSJA')
,('Reynaldo Franqui','M','B','LSHXGR')
,('María Casares','F','B','TFMVZQ')
,('Saulo Cardenas','M','B','GXIDPS')
,('Olalla Pasqual','F','B','HQWRNE')
,('Carmen Castellon','F','B','HLFPNV')
,('Sancha Cabana','F','B','NQGLVA')
,('Alphonso Tomey','M','B','GLUQBH')
,('Gerardo Nieblas','M','B','CEXZWS')
,('Alfredo Bobo','M','AB','ZVFWKD')
,('Manuela Torralba','M','AB','TFMVZQ')
,('Espejo Cain','M','AB','QLKRXW')
,('Edelmira Ramirez','F','AB','HQWRNE')
,('Camila Arroyo','F','AB','HLFPNV')
,('Macarena Mancillas','F','AB','NQGLVA')
,('Eusbio Toro','M','AB','KFCXAN')
,('Núria Sevilla','M','AB','NQGLVA')
,('Agustín Galban','M','AB','VGWUXC')
,('Ximen Farin','F','AB','WJMUQT')
,('Edgardo Vilchis','M','AB','ZTJDMF')
,('Eloisa Britto','F','AB','MFKVJH')
,('Conchita Pedro','F','AB','ZXFMKT')
,('Demetrio Perea','M','AB','BDNUIP')
,('Pepe Olmeda','M','AB','KUILSQ')
,('Imelda Rama','F','AB','DUORWQ')
,('Nohemi Bahena','F','AB','BJKVOX')
,('Fidelia Parco','F','AB','DUORWQ')
,('Jacobo De Paz','M','AB','BJKVOX')
,('Amadis Frontera','F','AB','DUORWQ')
,('Miguela Santiesteban','F','AB','BJKVOX')
,('Adelaida Teran','F','AB','RDWAIJ')
,('Marta Baena','F','AB','ZVFWKD')
,('Abelardo Sambrano','M','AB','TFMVZQ')
,('Marcial Bosque','M','AB','QLKRXW')
,('Adrián Bras','F','AB','HQWRNE')
,('Adora Galicia','F','AB','HLFPNV')
,('Gracia Andino','M','AB','NQGLVA')
,('Ruy Fuerte','M','AB','KFCXAN')
,('Emiliano Valles','M','AB','NQGLVA')
,('Cristián Echevarria','M','AB','DUORWQ')
,('Jesús Capellan','M','AB','BJKVOX')
,('Martin Fuertes','F','AB','DUORWQ')
,('Toño Sanabria','F','AB','BJKVOX')
,('Emigdio Velarde','M','AB','RDWAIJ')
,('Débora Dario','F','AB','VGWUXC')
,('Cruzita Jara','F','AB','WJMUQT')
,('Lupe Vicencio','M','AB','ZTJDMF')
,('Constanza Calvillo','F','AB','MFKVJH')
,('Sancha Verde','F','AB','ZXFMKT')
,('Ramona Villena','F','AB','BDNUIP')
,('Goito Verde','M','AB','KUILSQ')
,('Alicia Calles','F','AB','DUORWQ')
,('Marisol De Gracia','F','AB','BJKVOX')
,('Zenaida Sancho','F','AB','DUORWQ')
,('Rogerio Garza','M','AB','BJKVOX')
,('Rosita Orantes','F','AB','DUORWQ')
,('Pastora Vargas','F','AB','BJKVOX')
,('Marta Varas','F','AB','RDWAIJ')
,('Eberardo Samora','M','AB','ZVFWKD')
,('Tacito Gallego','M','AB','TFMVZQ')
,('Dionisio Santander','M','AB','TFMVZQ')
,('Gilberto Villegas','M','AB','QLKRXW')
,('Dominguez Davalos','F','AB','HQWRNE')
,('Beatriz Del Campo','F','AB','HLFPNV')
,('Pino Gonzalez','M','AB','NQGLVA')
,('Jacobo Limones','M','AB','KFCXAN')
,('Raimunda Cabezas','F','AB','NQGLVA')
,('Lucio Torno','M','AB','VGWUXC')
,('Ria Jaquez','F','AB','WJMUQT')
,('Iñigo Tinoco','M','AB','ZTJDMF')
,('Antonia Vielma','F','AB','MFKVJH')
,('Tercera Galeas','F','AB','ZXFMKT')
,('Eusbio Franco','M','AB','BDNUIP')
,('Eberardo Buron','M','AB','KUILSQ')
,('Rogelio Bustillos','M','AB','DUORWQ')
,('Epifanio Parra','M','AB','BJKVOX')
,('Blanca Espin','F','AB','DUORWQ')
,('Renato Bojorquez','M','AB','BJKVOX')
,('Reina Manjarrez','F','AB','DUORWQ')
,('Marguerita Carillo','F','AB','BJKVOX')
,('Pedro Nieblas','M','AB','RDWAIJ')
,('Hieronimo Olivar','M','AB','ZVFWKD')
,('Angélica Durazo','F','AB','TFMVZQ')
,('Antonia Carreno','F','AB','QLKRXW')
,('Adoria Pasqual','F','AB','HQWRNE')
,('Trini Castrejon','F','AB','HLFPNV')
,('Basilio Peno','M','AB','NQGLVA')
,('Clarisa Fuentes','F','AB','KFCXAN')
,('Leticia Salvo','F','AB','NQGLVA')
,('Teresa Gaona','F','AB','VGWUXC')
,('Jimena Velasquez','F','AB','WJMUQT')
,('Hieronimo Cala','M','AB','QLKRXW')
,('Priscila Ascencio','F','AB','HQWRNE')
,('Fermín Ortis','F','AB','HLFPNV')
,('Abraám Villavicencio','M','AB','NQGLVA')
,('Herminia Enriquez','F','AB','KFCXAN')
,('Esmerelda Triana','F','AB','NQGLVA')
,('Benito Ferraz','M','AB','VGWUXC')
,('Nita Escudero','F','AB','WJMUQT')
,('Candelas Escajeda','M','AB','ZTJDMF')
,('Benita Vilchez','F','AB','MFKVJH')
,('Bernardita Galindez','F','AB','ZXFMKT')
,('Amando Castellano','M','AB','BDNUIP')
,('Manuela Ramon','F','AB','KUILSQ')
,('Sol Tello','F','AB','DUORWQ')
,('Felipe Vaquera','M','AB','BJKVOX')
,('Elena Del Campo','F','AB','DUORWQ')
,('Antonio Brazil','M','AB','BJKVOX')
,('Marguerita Gomez','F','AB','DUORWQ')
,('Gilberta Jacinto','F','AB','BJKVOX')
,('Osvaldo Ascencio','M','AB','RDWAIJ')
,('Marta Briseno','F','AB','ZVFWKD')
,('Essua Casillas','M','AB','TFMVZQ')
,('Rodolfo Ochoa','M','AB','QLKRXW')
,('Celino Peralez','F','AB','HQWRNE')
,('Susanita Garzon','F','AB','HLFPNV')
,('Gerardo Escalera','M','AB','NQGLVA')
,('Herminio Antonio','M','AB','KFCXAN')
,('Bernardita Topete','F','AB','NQGLVA');




-- Donors Table
DROP TABLE IF EXISTS `donors`;

CREATE TABLE `donors` (
  `donor_id` int(11) NOT NULL AUTO_INCREMENT,
  `donor_name` varchar(100) NOT NULL,
  `donor_sex` char(1) NOT NULL,
  `donor_blood_type` varchar(2) NOT NULL,
  `donor_HLA_typing` varchar(6) NOT NULL,
  PRIMARY KEY (`donor_id`)
);

ALTER TABLE `donors` AUTO_INCREMENT=200000001;

INSERT INTO `donors` (`donor_name`, `donor_sex`, `donor_blood_type`, `donor_HLA_typing`)
VALUES ('Lindsay Young','M','O','GTWAJP')
,('Alf Coleman','M','O','JEMPOR')
,('Heath Hoffman','F','O','WZEUFZ')
,('Kingsley Knowles','M','O','SWMBLX')
,('Valerie Hodgson','M','O','VWKXZL')
,('Heath Blake','M','O','BJLUHR')
,('Raven Romero','M','O','BXOZLQ')
,('Faye Ballard','M','O','LDQCZA')
,('Tess Sharp','M','O','XLEFZM')
,('Danny Harrison ','M','O','LDQCZA')
,('Rosemary Farmer','F','O','XLEFZM')
,('Tyne Kemp','M','O','LDQCZA')
,('Philip Snider','M','O','XLEFZM')
,('Ruth Hanson','M','O','WECIPF')
,('Grace Hines','M','O','ZDGWIT')
,('Roger Dolton','M','O','JEQTNB')
,('Warwick Robbins','F','O','CWISTX')
,('Grayson Burrows','M','O','HSWBZF')
,('Rita Sarratt','M','O','HAWQSM')
,('Wolf Schumacher','M','O','VAZHBM')
,('Anselm Krämer','M','O','WITSZN')
,('Werner Steinmann','M','O','VAZHBM')
,('Amalia Lang','M','O','GTWAJP')
,('Emeline Klein','M','O','JEMPOR')
,('Gener Soriano','F','O','WZEUFZ')
,('Danilo Harris','M','O','SWMBLX')
,('Restituto Rodrigues','M','O','VWKXZL')
,('Huwan Diaz','M','O','BJLUHR')
,('Canor Gomez','M','O','BXOZLQ')
,('Dexter Phillips','M','O','LDQCZA')
,('Romel Tamayo','M','O','XLEFZM')
,('Liberato Vargas','M','O','LDQCZA')
,('Reynante Sanchez','F','O','XLEFZM')
,('Danilo Campbell','M','O','LDQCZA')
,('Jejomar Velasco','M','O','XLEFZM')
,('Ramil Cunanan','M','O','WECIPF')
,('Rizaldo Navarro','M','O','ZDGWIT')
,('Rommel Cortez','M','O','JEQTNB')
,('Heherson Corpuz','F','O','CWISTX')
,('Arvin Guillermo','M','O','HSWBZF')
,('Reynante Padua','M','O','HAWQSM')
,('Gani Martinez','M','O','VAZHBM')
,('Jejomar Moreno','M','O','WITSZN')
,('Homobono Evangelista','M','O','VAZHBM')
,('Rizalino Padilla','M','O','GTWAJP')
,('Datu Zamora','M','O','JEMPOR')
,('Honesto Rosario','F','O','WZEUFZ')
,('Luzvimindo Crisostomo','M','O','SWMBLX')
,('Arvin Romero','M','O','VWKXZL')
,('Danilo Viloria','M','O','BJLUHR')
,('Reynante Sarmiento','M','O','BXOZLQ')
,('Igme Jones','M','O','LDQCZA')
,('Heherson Devera','M','O','XLEFZM')
,('Rosito Alonzo','M','O','LDQCZA')
,('Efren Vasquez','F','O','XLEFZM')
,('Rizaldo Agustin','M','O','LDQCZA')
,('Ramil Salazar','M','O','XLEFZM')
,('Sherwin Ortega','M','O','WECIPF')
,('Ramil Garcia','M','O','ZDGWIT')
,('Benjie Castaneda','M','O','JEQTNB')
,('Narding Herrera','F','O','CWISTX')
,('Rosauro Miranda','M','O','HSWBZF')
,('Dakila  Valdez','M','O','HAWQSM')
,('Liberato Castillo','M','O','VAZHBM')
,('Gener Santos','M','O','WITSZN')
,('Huwan Flores','M','O','VAZHBM')
,('Gener Manalo','M','A','UVTGCE')
,('Rosauro Martin','M','A','SRPZXL')
,('Fermin Tolentino','F','A','QEHMPF')
,('Restituto  Cabrera','M','A','OVZCDI')
,('Tuto Ruiz','M','A','AYKXZL')
,('Luzvimindo Manuel','M','A','CJLVHR')
,('Arvin  Campos','M','A','AWNRMX')
,('Rosauro Santos','M','A','LDQCZA')
,('Melchor Ortega','M','A','XLEFZM')
,('Isko Miguel','M','A','LDQCZA')
,('Sol Arenas','F','A','JETFSP')
,('Raimunda Gonsalez','M','A','XLHFZO')
,('Manuela Jesus','M','A','YECIPF')
,('Marcio Viernes','M','A','ZDGWIU')
,('Anibal Borrayo','M','A','CHDABN')
,('Antonio Camejo','F','A','CWISTX')
,('Pino Jacobo','M','A','HSWBZF')
,('Eustaquio Zorrilla','M','A','HAWQSM')
,('Asunción Dominguez','M','A','VAZHBM')
,('Adoncia Vera','M','A','CBISTA')
,('Jovita Ferrera','M','A','HSABZF')
,('Novia Vegas','M','A','IAWQSM')
,('Carlito Calixto','M','A','WABHBM')
,('Anibal Escoto','F','A','WITSZO')
,('Ramon Casas','M','A','NFVGQB')
,('Adolpho Espiritu','M','A','CJDRSO')
,('Carmelo Pastrana','M','A','LRBPMZ')
,('Essua Fallas','M','A','BXOZLQ')
,('Gustavo Castillo','M','A','LDQCZA')
,('Apostol Yepez','M','A','XLEFZM')
,('Leta Manas','M','A','LDQCZA')
,('Jessenia Balasco','F','A','ESXQAJ')
,('Herminio Aros','M','A','LDQCZA')
,('Maximiliano De la Fuente','M','A','XLEFZM')
,('Débora Villarreal','M','A','WECIPF')
,('Paco Rana','M','A','ZDGWIT')
,('Josef Segovia','M','A','JEQTNB')
,('Susana Zarco','F','A','CWISTX')
,('Rebeca Aquino','M','A','HSWBZF')
,('Francisco Manas','M','A','HAWQSM')
,('Elmir Escajeda','M','A','VAZHBM')
,('Leonor Vences','M','A','WITSZN')
,('Carlos Inocencio','M','A','VAZHBM')
,('Maritza San Jose','M','A','GTWAJP')
,('Raimunda Degollado','M','A','JEMPOR')
,('Valentia Britto','F','A','WZEUFZ')
,('Herminia Estrada','M','A','SWMBLX')
,('Melchor Armando','M','A','VWKXZL')
,('Tercero De Avila','M','A','BJLUHR')
,('Rafael Fleites','M','A','BXOZLQ')
,('Rocío Maldonado','M','A','LDQCZA')
,('Feliciana Nino','M','A','LDQCZA')
,('Pili Sambrano','F','A','XLEFZM')
,('Javier Parra','M','A','LDQCZA')
,('Rebeco Bustos','M','A','XLEFZM')
,('Cabanillo Escobar','M','A','WECIPF')
,('Andrada Veloz','M','A','ZDGWIT')
,('Adelita Lizardo','M','A','JEQTNB')
,('Joaquin Carda','F','A','CWISTX')
,('Eberardo Aragon','M','A','HSWBZF')
,('Jorge De Cordova','M','A','HAWQSM')
,('Basilio  Carillo','M','A','VAZHBM')
,('Nino Carmen','M','A','WITSZN')
,('Pilar Capetillo','M','A','VAZHBM')
,('Margaretta Orrantia','M','B','UVTGCE')
,('Alfredo Castillo','M','B','SRPZXL')
,('Camila Pastrano','F','B','QEHMPF')
,('Dominga De la Vega','M','B','OSMRIC')
,('Enciso Jimenez','M','B','OGMNTE')
,('Estay Iniguez','M','B','AWNRMX')
,('Pedro Gonzalez','M','B','WOELUA')
,('Esperanza Caraballo','M','B','QTUCYX')
,('Miguel Eugenio','M','B','LDQCZA')
,('Francisca Fuertes','F','B','JETFSP')
,('Alberto Bolivar','M','B','XLHFZO')
,('Anselmo Espada','M','B','ZDGWIU')
,('Fidelia Sancho','M','B','CHDABN')
,('Sias Estay','M','B','JEQTNB')
,('Bobadilla Santiesteban','F','B','CWISTX')
,('Iago Liberato','M','B','WEHLSY')
,('Bojorquez De la Paz','M','B','SBOEJH')
,('Dolores Gamino','M','B','VMUAWZ')
,('Carmen Ortez','M','B','WOHECB')
,('Carmen Noyola','M','B','HSABZF')
,('Paco Francisco','M','B','IAWQSM')
,('Deifilia Noda','M','B','WABHBM')
,('Noda De la Cruz','F','B','WITSZO')
,('Ruy Cancel','M','B','NFVGQB')
,('Carro Esperanza','M','B','CJDRSO')
,('Paquito Viloria','M','B','LRBPMZ')
,('Mancebo Pelaez','M','B','BXOZLQ')
,('Alba Borrero','M','B','LDQCZA')
,('Bernardita Casto','M','B','HTYOKA')
,('Adoria Eugenio','M','B','NHEISB')
,('Camila Encarnacion','F','B','CQHTLN')
,('Angelo Mangas','M','B','PRQYXE')
,('Isandro Velasquez','M','B','XLEFZM')
,('Doncia Pequeno','M','B','WECIPF')
,('Edmundo Vallez','M','B','ZDGWIT')
,('Leyva Castillo','M','B','JEQTNB')
,('Epifanio Mandujano','F','B','CWISTX')
,('Tonia Victorino','M','B','HSWBZF')
,('Esmerelda Yniguez','M','B','HAWQSM')
,('Linde Godinez','M','B','VAZHBM')
,('Alejandro Marcos','M','B','WITSZN')
,('Borjon Cadiz','M','B','VAZHBM')
,('Miguel Bocanegra','M','B','DJIMCK')
,('León Serrano','M','B','IWBEKU')
,('Martita San Jose','F','B','FIPWSL')
,('Ercilio Amores','M','B','SWMBLX')
,('Rosario Perdomo','M','B','VWKXZL')
,('Amadis Duque','M','B','BJLUHR')
,('Duque Ortega','M','B','BXOZLQ')
,('Nunez Carabajal','M','B','LDQCZA')
,('Isandro Canizares','M','B','XLEFZM')
,('Fernánda De Almeida','M','B','LDQCZA')
,('Nita Godino','F','B','XLEFZM')
,('Tercero Cabanas','M','B','LDQCZA')
,('Iago Dorantes','M','B','XLEFZM')
,('Adora Vejar','M','B','DMITHX')
,('Nieves Duron','M','B','QRWMJY')
,('Nieve Franco','M','B','JEQTNB')
,('Vinicio Godinez','F','B','QYWJBH')
,('Ximena Caraveo','M','B','HSWBZF')
,('Leocadia Vicente','M','B','HAWQSM')
,('Topete Fleites','M','B','VAZHBM')
,('Adoncio San Juan','M','B','TAEIMV')
,('Nazario Gaytan','M','B','BJIFDO')
,('Marcial Aquino','M','AB','UVTGCE')
,('Lope Galeas','M','AB','SRPZXL')
,('Gonsalez Zermeno','F','AB','QEHMPF')
,('Lindo Godino','M','AB','OVZCDI')
,('Santoyo Cardenas','M','AB','OSMRIC')
,('Adoria Santiesteban','M','AB','OGMNTE')
,('Arsenio Estay','M','AB','AWNRMX')
,('Macarena Demara','M','AB','WOELUA')
,('Juanito  Penaranda','M','AB','QTUCYX')
,('Gonzalo Fuertes','M','AB','LDQCZA')
,('Frasquito Tome Ferrin','F','AB','JETFSP')
,('Yessenia Francisco','M','AB','XLHFZO')
,('Arcelia Sierra','M','AB','YECIPF')
,('Galvez Arbelaez','M','AB','ZDGWIU')
,('Susana Manjarrez','M','AB','CHDABN')
,('Gilberta Fabela','M','AB','JEQTNB')
,('Desideria Velarde','F','AB','CWISTX')
,('Frutos Castrejon','M','AB','WEHLSY')
,('Edgardo  De Noia','M','AB','SBOEJH')
,('Ismael Torno','M','AB','VMUAWZ')
,('Pepito De Paula','F','AB','WOHECB')
,('Escobar Bustamante','M','AB','HSABZF')
,('Tamez Vidales','M','AB','IAWQSM')
,('Eliseo Sias','M','AB','WABHBM')
,('Santiago Ayo','F','AB','WITSZO')
,('Bras Limes','M','AB','NFVGQB')
,('Gaspar Burgos','M','AB','CJDRSO')
,('Eutimio Tomas','M','AB','LRBPMZ')
,('Casares De Dios','M','AB','BXOZLQ')
,('Aracely  Encarnacion','M','AB','LDQCZA')
,('Avelino Del Castillo','M','AB','HTYOKA')
,('Piedad Florez','M','AB','NHEISB')
,('Xiomara Maravilla','F','AB','CQHTLN')
,('Perdomo San Pedro','M','AB','PRQYXE')
,('Demetrio Calderon','M','AB','XLEFZM')
,('Pascua Iniguez','M','AB','WECIPF')
,('Renata De Santos','M','AB','ZDGWIT')
,('Avitia Castilla','M','AB','JEQTNB')
,('Raimunda Aros','F','AB','CWISTX')
,('Valentín Pedroso','M','AB','HSWBZF')
,('Sancho San Antonio','M','AB','HAWQSM')
,('Trinidad Bonilla','M','AB','WITSZN')
,('Garza Velasquez','M','AB','VAZHBM')
,('Juanita Manos','F','ABO','DJIMCK')
,('Conrado Villaverde','M','AB','IWBEKU')
,('Lita Gardon','F','AB','FIPWSL')
,('Yazmin Velazquez','M','AB','SWMBLX')
,('Lorita Jacinto','M','AB','VWKXZL')
,('Manas Mano','M','AB','BJLUHR')
,('Elodia Calzadilla','M','AB','BXOZLQ')
,('Carmelo Galaz','M','AB','LDQCZA')
,('Rocío Tercero','M','AB','XLEFZM')
,('Roberto Esquilin','M','AB','LDQCZA')
,('Genoveva Campuzano','F','AB','XLEFZM')
,('Tamez Yanez','M','AB','LDQCZA')
,('Epifanio Florentino','M','AB','XLEFZM')
,('Gomez Nevarez','M','AB','DMITHX')
,('Paloma Anchondo','M','AB','QRWMJY')
,('Blanco Del Rosario','M','AB','JEQTNB')
,('Calleros Pedroso','F','AB','QYWJBH')
,('Gertrudis Arenas','M','AB','HSWBZF')
,('Tomey Calixto','M','AB','HAWQSM')
,('Seta Avendano','M','AB','VAZHBM')
,('Gonzalo Tesoro','M','AB','TAEIMV')
,('Jacinto Olivar','M','AB','BJIFDO')
,('Gustavo Badilla','M','O','GTWAJP')
,('Calleja Patricio','M','O','JEMPOR')
,('Ovidio Balasco','F','O','WZEUFZ')
,('Renato Orrantia','M','O','SWMBLX')
,('Sergio Avelino','M','O','VWKXZL')
,('Avendano Sarmiento','M','O','BJLUHR')
,('Jeronimo  San Juan','M','O','BXOZLQ')
,('Fulgencio Bobadilla','M','O','LDQCZA')
,('Anibal Facundo','M','O','XLEFZM')
,('Desi Davila','M','O','LDQCZA')
,('Tercero Cala','F','O','XLEFZM')
,('Tercero Tolentino','M','O','LDQCZA')
,('Reynaldo Jerez','M','O','XLEFZM')
,('Gato Gongora','M','O','WECIPF')
,('Angelo Del Valle','M','O','ZDGWIT')
,('Gregorio Vilchez','M','O','JEQTNB')
,('Pepito Cobos','F','O','CWISTX')
,('Jeronimo Bilbao','M','O','HAWQSM')
,('Pastor Sanabria','M','O','VAZHBM')
,('Anton Olivero','M','O','WITSZN')
,('Orrantio Jacobo','M','O','VAZHBM')
,('Manas Ayo','M','O','GTWAJP')
,('Escalante Esqueda','M','O','JEMPOR')
,('Rosita Zara','F','O','WZEUFZ')
,('Pastor Duron','M','O','SWMBLX')
,('Bosque Ordonez','M','O','VWKXZL')
,('Timoteo Peguero','M','O','BJLUHR')
,('Orosco Toca','M','O','BXOZLQ')
,('Peppi Lizana','M','O','LDQCZA')
,('Manuela Carrion','M','O','XLEFZM')
,('Edmundo Javier','M','O','LDQCZA')
,('Rogerio Parra','F','O','XLEFZM')
,('Leon Manas','M','O','LDQCZA')
,('Ivette Nieto','M','O','XLEFZM')
,('Junipero Verde','M','O','WECIPF')
,('Abra De Toro','M','O','ZDGWIT')
,('Jacobo Rada','M','O','JEQTNB')
,('Arco Nino','F','O','CWISTX')
,('Cristian Pareja','M','O','HSWBZF')
,('Terrones Pasion','M','O','HAWQSM')
,('Toca Tijerina','M','O','VAZHBM')
,('Timoteo Toral','M','O','WITSZN')
,('Emigdio Yepez','M','O','VAZHBM')
,('Duenas Tomes','M','O','GTWAJP')
,('Ayo Antunez','M','O','JEMPOR')
,('Zarita De la Torre','F','O','WZEUFZ')
,('Alfredo Amores','M','O','SWMBLX')
,('Armando Baez','M','O','VWKXZL')
,('Nazario Bailen','M','O','BJLUHR')
,('Goito Nogales','M','O','BXOZLQ')
,('Frances Gallego','M','O','LDQCZA')
,('Dionisio Frutos','M','O','XLEFZM')
,('Rico Tarin','M','O','LDQCZA')
,('Demetrio Torrico','F','O','XLEFZM')
,('Inocencio Perdomo','M','O','LDQCZA')
,('Diego De Paz','M','O','XLEFZM')
,('Perdomo Ybanez','M','O','WECIPF')
,('Caridad Limones','M','O','ZDGWIT')
,('Velasco Fraire','M','O','JEQTNB')
,('Roberta Camargo','F','O','CWISTX')
,('Geraldo Galindo','M','O','HSWBZF')
,('Empero Manjarrez','M','O','HAWQSM')
,('Valencio Jiminez','M','O','VAZHBM')
,('Carmelo Escajeda','M','O','WITSZN')
,('Tito Canizales','M','O','VAZHBM')
,('Remigio Facundo','M','A','GTWAJP')
,('Celio Armenta','M','A','JEMPOR')
,('Carmelo Javier','F','A','WZEUFZ')
,('Sofía Fuertes','M','A','SWMBLX')
,('Desi Escarcega','M','A','VWKXZL')
,('Lita Arellanes','M','A','BJLUHR')
,('Edelmira Borra','M','A','BXOZLQ')
,('Hernán San Juan','M','A','LDQCZA')
,('Augusto Fraire','M','A','XLEFZM')
,('Vinicio Jimenez','M','A','LDQCZA')
,('Carmelita Fonseca','F','A','XLEFZM')
,('Lope Bustillo','M','A','LDQCZA')
,('Carlos Santander','M','A','XLEFZM')
,('Tereso Castrejon','M','A','WECIPF')
,('Basilia Canales','M','A','ZDGWIT')
,('Rogelio Calleros','M','A','JEQTNB')
,('Reina Nuncio','F','A','CWISTX')
,('Ari Del Pino','M','A','HSWBZF')
,('Fulgencio  Pardo','M','A','HAWQSM')
,('Sanabria Davalos','M','A','VAZHBM')
,('Alba De Santiago','M','A','WITSZN')
,('Eutropio De Dios','M','A','VAZHBM')
,('Rafael Pedregon','M','A','GTWAJP')
,('Eutimio Vasques','M','A','JEMPOR')
,('Leticia Fernando','F','A','WZEUFZ')
,('Silvio Badilla','M','A','SWMBLX')
,('Emerico Jiron','M','A','VWKXZL')
,('Rangel Marciel','M','A','BJLUHR')
,('Mariangela Bravo','M','A','BXOZLQ')
,('Sofronio Bocanegra','M','A','LDQCZA')
,('Tejer Limes','M','A','XLEFZM')
,('Feliciano Carro','M','A','LDQCZA')
,('Paloma Orosco','F','A','XLEFZM')
,('Celio Cartagena','M','A','LDQCZA')
,('Vinicio Amparan','M','A','XLEFZM')
,('Lalo Jaimes','M','A','WECIPF')
,('Sanchia Florentino','M','A','ZDGWIT')
,('Jesús De Herrera','M','A','JEQTNB')
,('Lolita Venegas','F','A','CWISTX')
,('Peppi Canizares','M','A','HSWBZF')
,('Florencio Dorado','M','A','VAZHBM')
,('Timoteo Jacinto','M','A','WITSZN')
,('Cristian De Guzman','M','A','VAZHBM')
,('Zamarron Peres','M','A','GTWAJP')
,('Malo Cardo','M','A','JEMPOR')
,('Nieve Arebalo','F','A','WZEUFZ')
,('Nacho Avila','M','A','SWMBLX')
,('Fernando Ector','M','A','VWKXZL')
,('Segovia Encinas','M','A','BJLUHR')
,('Oscar De Leon','M','A','BXOZLQ')
,('Sancho Serrato','M','A','LDQCZA')
,('Fernan Caraveo','M','A','XLEFZM')
,('Pedro San Roman','M','A','LDQCZA')
,('Villar Orduno','F','A','XLEFZM')
,('Varon Villar','M','A','LDQCZA')
,('Castellanos Leston','M','A','XLEFZM')
,('Gustavo Pedrosa','M','A','WECIPF')
,('Cabanas Fernando','M','A','ZDGWIT')
,('Teresa Enciso','F','A','CWISTX')
,('Antonio Vegas','M','A','HSWBZF')
,('Rocio Pedrosa','M','A','HAWQSM')
,('Gallegos Anchondo','M','A','VAZHBM')
,('Fernan Vallez','M','A','WITSZN')
,('Marcelino Zorrilla','M','A','VAZHBM')
,('Nita Artiles','M','B','UVTGCE')
,('Canino Espinal','M','B','SRPZXL')
,('Leoncia Yepez','F','B','QEHMPF')
,('Cardo Jaimes','M','B','OVZCDI')
,('Arguijo Badilla','M','B','OSMRIC')
,('Domingo De la Cruz','M','B','OGMNTE')
,('Octavio Tinoco','M','B','AWNRMX')
,('Castano De Dios','M','B','WOELUA')
,('Olalla Torrico','M','B','QTUCYX')
,('Antonio Campillo','M','B','LDQCZA')
,('Mary Santillan','F','B','JETFSP')
,('Damian Busto','M','B','XLHFZO')
,('Patricio Linan','M','B','YECIPF')
,('Ramon Capote','M','B','ZDGWIU')
,('Valentio Villasenor','M','B','CHDABN')
,('Dolor Liberato','M','B','JEQTNB')
,('Edgardo Orantes','F','B','CWISTX')
,('Carmelo Callejo','M','B','WEHLSY')
,('Bibiano Ante','M','B','SBOEJH')
,('Valencia Iniguez','M','B','VMUAWZ')
,('Gonzaga Galas','M','B','WOHECB')
,('Maximo Jiron','M','B','HSABZF')
,('Felipe Sepeda','M','B','IAWQSM')
,('Ernesto Olvera','M','B','WABHBM')
,('Blanca Villas','F','B','WITSZO')
,('Ramon Pascual','M','B','NFVGQB')
,('Hipolito Escamilla','M','B','CJDRSO')
,('Candella Manuel','M','B','LRBPMZ')
,('Caridad Marco','M','B','BXOZLQ')
,('Fabian Lino','M','B','LDQCZA')
,('Toro Sibila','M','B','HTYOKA')
,('Nevarez Del Toro','M','B','NHEISB')
,('José Paul','F','B','CQHTLN')
,('Raya Teodoro','M','B','PRQYXE')
,('Nazario Can','M','B','XLEFZM')
,('Galano Bocanegra','M','B','WECIPF')
,('Roman Demara','M','B','ZDGWIT')
,('Capellan Lira','M','B','JEQTNB')
,('Moral Balan','F','B','CWISTX')
,('Jacome Badia','M','B','HSWBZF')
,('Abelardo Vilches','M','B','HAWQSM')
,('Cabello Cano','M','B','VAZHBM')
,('Eduardo Fleitas','M','B','WITSZN')
,('Iñigo Rabago','M','B','VAZHBM')
,('Zarita Ascencio','M','B','DJIMCK')
,('Cristoibal Cabeza','M','B','IWBEKU')
,('Melania Fanta','F','B','FIPWSL')
,('Carbajal Olivas','M','B','SWMBLX')
,('Adolpho Cal','M','B','VWKXZL')
,('Vivero Nieto','M','AB','UVTGCE')
,('Nieve Gardon','M','AB','SRPZXL')
,('Ladislao Del Pino','F','AB','QEHMPF')
,('Cristobal Villareal','M','AB','OVZCDI')
,('Garrido De la Pena','M','AB','OSMRIC')
,('Fernando Calles','M','AB','OGMNTE')
,('Castellano Tomes','M','AB','AWNRMX')
,('Pio Canizales','M','AB','WOELUA')
,('Tom Torrico','M','AB','QTUCYX')
,('Horacio Del Pino','M','AB','LDQCZA')
,('Vilchez De Almeida','F','AB','JETFSP')
,('Racio Parra','M','AB','XLHFZO')
,('Isandro De Alba','M','AB','YECIPF')
,('Rio Manriquez','M','AB','ZDGWIU')
,('Juanito Gil','M','AB','CHDABN')
,('Mireia Echevarria','M','AB','JEQTNB')
,('Pia Amores','F','AB','CWISTX')
,('Martirio Deniz','M','AB','WEHLSY')
,('Arturo Peraza','M','AB','SBOEJH')
,('Ortega Gonzalez','M','AB','VMUAWZ')
,('donor_name','M','AB','WOHECB')
,('Bartolome Gonsalez','M','AB','HSABZF')
,('Valle Marco','M','AB','IAWQSM')
,('Rocio Campoverde','M','AB','WABHBM')
,('Irene Galano','F','AB','WITSZO')
,('Armando Franco','M','AB','NFVGQB')
,('Fidel Llanas','M','AB','CJDRSO')
,('Federico Peralez','M','AB','LRBPMZ')
,('Espino Isidro','M','AB','BXOZLQ')
,('Eduarda Capote','M','AB','LDQCZA')
,('Eliseo Cala','M','AB','HTYOKA')
,('Pedro Canizares','M','AB','NHEISB')
,('Elodia Burgos','F','AB','CQHTLN')
,('Olivo Burgos','M','AB','PRQYXE')
,('Jaime Dorantes','M','AB','XLEFZM')
,('Eloy Angeles','M','AB','WECIPF')
,('Busto Fleitas','M','AB','ZDGWIT')
,('Agata Villanueva','M','AB','JEQTNB')
,('Thera De Guzman','F','AB','CWISTX')
,('Bernardo Tirado','M','AB','HSWBZF')
,('Bolanos Peres','M','AB','HAWQSM')
,('Ermenegildo Galban','M','AB','VAZHBM')
,('Leston Balasco','M','AB','WITSZN')
,('Trini Flora','M','AB','VAZHBM')
,('Elvira De los Rios','M','AB','DJIMCK')
,('Tomas Manriquez','M','AB','IWBEKU')
,('Cande Angeles','F','AB','FIPWSL')
,('Salvo Gonsales','M','AB','SWMBLX')
,('Tonio Villescas','M','AB','VWKXZL')
,('Mario Villescas','M','AB','BJLUHR')
,('Nieblas Can','M','AB','BXOZLQ')
,('Mantilla Veloz','M','AB','LDQCZA')
,('Jaime Franco','M','AB','XLEFZM')
,('Ambrosio Capistran','M','AB','LDQCZA')
,('Thera Deniz','M','O','GTWAJP')
,('Paulino Busto','M','O','JEMPOR')
,('Nieves Calzadilla','F','O','WZEUFZ')
,('Antonio Tardio','M','O','SWMBLX')
,('Eduardo Arebalo','M','O','VWKXZL')
,('Antonio Brion','M','O','BJLUHR')
,('Ritos Galicia','M','O','BXOZLQ')
,('Nilda Arroyo','M','O','LDQCZA')
,('Celestino Encinas','M','O','XLEFZM')
,('Lino Sauceda','M','O','LDQCZA')
,('Susan Patron','F','O','XLEFZM')
,('Tercero Tejada','M','O','LDQCZA')
,('Cabanas Aquino','M','O','XLEFZM')
,('Pepito De Santiago','M','O','WECIPF')
,('Anda Mancilla','M','O','ZDGWIT')
,('Poa Zorrilla','M','O','JEQTNB')
,('Emiliana Gerardo','F','O','CWISTX')
,('Limo Olivar','M','O','HSWBZF')
,('Nazario Tello','M','O','HAWQSM')
,('Flavio Camarena','M','O','VAZHBM')
,('Trinidad Tolentino','M','O','WITSZN')
,('Aina Velasquez','M','O','VAZHBM')
,('Villaverde Ariza','M','O','GTWAJP')
,('Emidio Calvo','M','O','JEMPOR')
,('Eloisa Gordon','F','O','WZEUFZ')
,('Manolo Rascon','M','O','SWMBLX')
,('Santo Tellez','M','A','UVTGCE')
,('Celestino Frisco','M','A','SRPZXL')
,('Olver Zevallos','F','A','QEHMPF')
,('Candelas Yanes','M','A','OVZCDI')
,('Senor Anguiano','M','A','AYKXZL')
,('Ramiro Orihuela','M','A','CJLVHR')
,('Rafael Ignacio','M','A','AWNRMX')
,('Patricio Cadenas','M','A','LDQCZA')
,('Gonsalez Triano','M','A','XLEFZM')
,('Isandro Nieto','M','A','LDQCZA')
,('Antonia Feliz','F','A','JETFSP')
,('Rogelio Perdomo','M','A','XLHFZO')
,('Feliciano Feo','M','A','YECIPF')
,('Rafael Gordillo','M','A','ZDGWIU')
,('Pastrana Enrique','M','A','CHDABN')
,('Curro Del Valle','M','A','JEQTNB')
,('Pía Vivanco','F','A','CWISTX')
,('Olalla Can','M','A','HSWBZF')
,('Perron Vielma','M','A','HAWQSM')
,('Amada Rada','M','A','VAZHBM')
,('Saulo Orellana','M','A','CBISTA')
,('Adoria Galicia','M','A','HSABZF')
,('Martita Carreon','M','A','IAWQSM')
,('Borrayo Bahena','M','A','WABHBM')
,('Gual Serna','F','A','WITSZO')
,('Arebalo Orona','M','A','NFVGQB')
,('Evita Artiles','M','A','CJDRSO')
,('Celestino Escalera','M','A','LRBPMZ')
,('Caridad Lino','M','A','BXOZLQ')
,('Varon Armenteros','M','A','LDQCZA')
,('Pepito Tardio','M','A','XLEFZM')
,('Ortis Oropeza','M','A','LDQCZA')
,('Maribel Torrente','F','A','ESXQAJ')
,('Nicolas Tobar','M','A','LDQCZA')
,('Domingo Vilches','M','A','XLEFZM')
,('Silvio Pasillas','M','A','WECIPF')
,('Delfino Castellons','M','A','ZDGWIT')
,('Lino Ector','M','A','JEQTNB')
,('Manuela Velez','F','A','CWISTX')
,('Felipe De Dios','M','A','HSWBZF')
,('Ignacio Tarin','M','A','HAWQSM')
,('Anibal Vasques','M','A','VAZHBM')
,('Demetrio Del Rosario','M','A','VAZHBM')
,('Olmos Galeano','M','A','GTWAJP')
,('Cardiel De los Rios','M','A','JEMPOR')
,('Gabriela Ector','F','A','WZEUFZ')
,('Jiminez Fontanilla','M','A','SWMBLX')
,('Brunildo Rana','M','A','VWKXZL')
,('Odalis Velarde','M','B','GTWAJP')
,('Carreras Peraza','M','B','JEMPOR')
,('Constanza De Dios','F','B','WZEUFZ')
,('Escoto Zermeno','M','B','SWMBLX')
,('Eustaquio Peno','M','B','VWKXZL')
,('Prudencia Partida','M','B','BJLUHR')
,('Basilio Ferrera','M','B','BXOZLQ')
,('Reyno Trevino','M','B','LDQCZA')
,('Canedo Avelino','M','B','XLEFZM')
,('Virgilio De Almeida','M','B','LDQCZA')
,('Cruzita Pesina','F','B','XLEFZM')
,('Conrado Vega','M','B','LDQCZA')
,('Ruy Borrego','M','B','XLEFZM')
,('Andrés Diego','M','AB','UVTGCE')
,('Humberto Arguijo','M','AB','SRPZXL')
,('Trinidad Del Moral','F','AB','QEHMPF')
,('Pepito Tano','M','AB','OVZCDI')
,('Tineo Zaragoza','M','AB','OSMRIC')
,('Fermín Gonzalez','M','AB','OGMNTE')
,('Pastora Lima','M','AB','AWNRMX')
,('Brizuela Bojorquez','M','AB','WOELUA')
,('Pastor Tinoco','M','AB','QTUCYX')
,('Caram Raya','M','AB','LDQCZA')
,('Gil Estrella','F','AB','JETFSP')
,('Roberto Pedroso','M','AB','XLHFZO')
,('Severino Licona','M','AB','YECIPF')
,('Carmencito Tolentino','M','AB','ZDGWIU')
,('Valentia Mancillas','M','AB','CHDABN')
,('Epifanio Llamas','M','AB','JEQTNB')
,('Maribel Armenteros','F','AB','CWISTX')
,('Adriana Carrizales','F','AB','WEHLSY')
,('Toño Vidal','M','AB','SBOEJH')
,('Nohemi De Herrera','F','AB','VMUAWZ')
,('Paca Zayas','M','AB','WOHECB')
,('Eloy Galicia','M','AB','HSABZF')
,('Martín Bracero','M','AB','IAWQSM')
,('Edmundo Gamero','M','AB','WABHBM')
,('Bibiana Zevallos','F','AB','WITSZO')
,('Joaquin Tamez','M','AB','NFVGQB')
,('Ernesto Garces','M','AB','CJDRSO')
,('Ovidio Gallardo','M','AB','LRBPMZ')
,('Rafael Nino','M','AB','BXOZLQ')
,('Clemente Lima','M','AB','LDQCZA')
,('Gil Gomez','M','AB','HTYOKA')
,('Mireia Caba','F','AB','NHEISB')
,('Violeta Andrada','F','AB','XLEFZM')
,('Mireia Pico','F','AB','LDQCZA')
,('Catherina Tovar','F','AB','XLEFZM')
,('Rainerio Nery','M','AB','DMITHX')
,('Fallas Franqui','M','AB','QRWMJY')
,('Joaquin Casares','M','AB','JEQTNB')
,('Jacobo Nuncio','M','AB','QYWJBH')
,('Paulino Camerino','M','AB','HSWBZF')
,('Ana Castellon','F','AB','HAWQSM')
,('Blanca Cabana','F','AB','VAZHBM')
,('Sosimo Tejada','M','AB','TAEIMV')
,('Villarroel Nieblas','M','AB','BJIFDO')
,('Sierra Bobo','M','O','ZDGWIT')
,('Cristóbal Torralba','M','O','JEQTNB')
,('Isabel Cain','F','O','CWISTX')
,('Maribel Capellan','F','O','HSWBZF')
,('Vicente Arroyo','M','O','HAWQSM')
,('Cardo Mancillas','M','O','VAZHBM')
,('Paco Escalona','M','O','WITSZN')
,('Javier Sevilla','M','O','VAZHBM')
,('Antonia Galban','F','O','GTWAJP')
,('Maximiano Estay','M','O','JEMPOR')
,('Olalla Vilchis','F','O','WZEUFZ')
,('Galeano Britto','M','O','SWMBLX')
,('Sence Pedro','F','O','VWKXZL')
,('Pedro Perea','M','O','BJLUHR')
,('Emygdia Santibanez','F','O','BXOZLQ')
,('Tercero Rama','M','O','LDQCZA')
,('Mancebo Bahena','M','O','XLEFZM')
,('Estrella Parco','F','O','LDQCZA')
,('Vides De Paz','F','O','XLEFZM')
,('Aureliano Frontera','M','O','LDQCZA')
,('Sofronio Santiesteban','M','O','XLEFZM')
,('Emiliano Teran','M','O','WECIPF')
,('Ismael Baena','M','O','ZDGWIT')
,('Prudencia Sambrano','F','O','JEQTNB')
,('Castilla Bosque','F','O','CWISTX')
,('Ildefonso Bras','M','O','HSWBZF')
,('Carlito Galicia','M','O','HAWQSM')
,('Sergio Andino','M','O','VAZHBM')
,('Fabián Fuerte','M','O','WITSZN')
,('Ancheta Valles','F','O','VAZHBM')
,('Ermenegildo Echevarria','M','A','LDQCZA')
,('Elicia Capellan','F','A','XLEFZM')
,('Aina Fuertes','M','A','LDQCZA')
,('Bajardo Sanabria','M','A','XLEFZM')
,('Escalante Velarde','M','A','WECIPF')
,('Alisa Dario','F','B','GTWAJP')
,('Wilfredo Jara','M','B','JEMPOR')
,('Gracia Casimiro','F','B','WZEUFZ')
,('Inocencio Calvillo','M','B','SWMBLX')
,('Gervasio Verde','M','B','VWKXZL')
,('Vicente Villena','M','B','BJLUHR')
,('Emiliana Verde','F','B','BXOZLQ')
,('Guioma Calles','M','B','LDQCZA')
,('Emidio De Gracia','M','B','XLEFZM')
,('Pino Sancho','M','B','LDQCZA')
,('Máximo Garza','M','B','XLEFZM')
,('Bustamant Orantes','M','B','LDQCZA')
,('Ricardo Vargas','M','AB','XLEFZM')
,('Reinaldo Varas','M','B','WECIPF')
,('Susana San Pedro','F','B','ZDGWIT')
,('Cristián Gallego','M','B','JEQTNB')
,('Amando Santander','M','B','JEQTNB')
,('Ramona Villegas','F','B','CWISTX')
,('Roque Davalos','M','B','HSWBZF')
,('Iago Del Campo','M','B','HAWQSM')
,('Patricio Gonzalez','M','B','VAZHBM')
,('Wilfredo Jaime','M','B','WITSZN')
,('Odalys Gamero','F','B','VAZHBM')
,('Nicolas Torno','M','B','GTWAJP')
,('Bernardita Jaquez','F','B','JEMPOR')
,('Arebalo Tinoco','F','B','WZEUFZ')
,('Theresa Vielma','F','B','SWMBLX')
,('Celio Galeas','M','B','VWKXZL')
,('Saulo Franco','M','B','BJLUHR')
,('Severino Buron','M','B','BXOZLQ')
,('Humberto Bustillos','M','B','LDQCZA')
,('Frascuelo Parra','M','B','XLEFZM')
,('Leandro Espin','M','B','LDQCZA')
,('Nohemi Bojorquez','F','B','XLEFZM')
,('Ramón Manjarrez','M','B','LDQCZA')
,('Felipina Carillo','F','B','XLEFZM')
,('Celio Nieblas','M','B','WECIPF')
,('Alarico Vine','M','B','ZDGWIT')
,('Maribel Durazo','F','B','JEQTNB')
,('Lolita Carreno','F','B','CWISTX')
,('Vito Olivero','M','B','HSWBZF')
,('Zarita Castrejon','F','B','HAWQSM')
,('Verónica Peno','F','B','VAZHBM')
,('Aracely Fuentes','F','B','WITSZN')
,('Gustavo Salvo','M','B','VAZHBM')
,('Trini Gaona','F','AB','GTWAJP')
,('Noelia Velasquez','F','AB','JEMPOR')
,('Adelina Cala','F','AB','CWISTX')
,('Bartolomé Ascencio','M','AB','HSWBZF')
,('Máximo Ortis','M','AB','HAWQSM')
,('Agueda Villavicencio','F','AB','VAZHBM')
,('Ángela Canseco','F','AB','WITSZN')
,('Joaquin Triana','M','AB','VAZHBM')
,('Marisol Ferraz','F','AB','GTWAJP')
,('Eberardo Escudero','M','AB','JEMPOR')
,('Rosario Escajeda','F','AB','WZEUFZ')
,('Deifilia Vilchez','F','AB','SWMBLX')
,('Abelardo Carrero','M','AB','VWKXZL')
,('Raquel Castellano','F','AB','BJLUHR')
,('Aureliano Ramon','M','AB','BXOZLQ')
,('Leocadia Ojeda','M','AB','LDQCZA')
,('Catalina Vaquera','F','AB','XLEFZM')
,('Reynaldo Del Campo','M','AB','LDQCZA')
,('Silvestre Brazil','F','AB','XLEFZM')
,('León Gomez','M','AB','LDQCZA')
,('Patricio Jacinto','M','AB','XLEFZM')
,('Nieves Ascencio','F','AB','WECIPF')
,('Arcelia Briseno','F','AB','ZDGWIT')
,('Osvaldo De Dios','M','AB','JEQTNB')
,('Camila Ochoa','F','AB','CWISTX')
,('Nicolás Peralez','M','AB','HSWBZF')
,('Clemente Garzon','M','AB','HAWQSM')
,('Paquita Escudero','F','AB','VAZHBM')
,('MarisoL Antonio','F','AB','WITSZN')
,('Esmeralda Sancho','F','AB','VAZHBM');


-- Hospitals Table
DROP TABLE IF EXISTS `hospitals`;

CREATE TABLE `hospitals` (
  `hospital_id` int(11) NOT NULL AUTO_INCREMENT,
  `hospital_name` varchar(100) NOT NULL,
  `hospital_region` varchar(100) NOT NULL,
  `hospital_address` varchar(100) NOT NULL,
  `password` varchar(20) NOT NULL,
  PRIMARY KEY (`hospital_id`)
);

ALTER TABLE `hospitals` AUTO_INCREMENT=300000001;

INSERT INTO `hospitals` (`hospital_name`,`hospital_region`,`hospital_address`,`password`)
VALUES ('National Kidney and Transplant Institute','National Capital Region','East Ave, Diliman, Quezon City, 1101 Metro Manila, Philippines','password')
,('Amang Rodriguez Memorial Medical Center','National Capital Region','Sumulong Highway, Bgy. Sto. Niño, Marikina City, 1800 Metro Manila, Philippines','password')
,('East Avenue Medical Center','National Capital Region','East Avenue Medical Center, East Ave, Diliman, Quezon City, 1100 Metro Manila, Philippines','password')
,('Dr. Jose Fabella Memorial Hospital','National Capital Region','Lope De Vega St., Sta Cruz, Manila, Philippines','password')
,('Jose R. Reyes Memorial Medical Center','National Capital Region','Rizal Ave, Santa Cruz, Manila, Metro Manila, Philippines','password')
,('National Center for Mental Health','National Capital Region','Nueve de Pebrero St., Mauway, Mandaluyong, Metro Manila, Philippines','password')
,('National Childrens Hospital','National Capital Region','264 E Rodriguez Sr. Ave, Damayang Lagi, 1112 Quezon City','password')
,('Philippine Orthopedic Center','National Capital Region','78-A Maria Clara St, Santa Mesa Heights, Quezon City, 1114 Metro Manila, Philippines','password')
,('Quirino Memorial Medical Center','National Capital Region','J.P. Rizal, Project 4, Lungsod Quezon, 1109 Metro Manila, Philippines','password')
,('Research Institute for Tropical Medicine','National Capital Region','Filinvest Corporate City, 9002 Research Dr, Alabang, Muntinlupa, 1781 Metro Manila, Philippines','password')
,('Rizal Medical Center','National Capital Region','Pasig Blvd, Pasig, 1600 Metro Manila, Philippines','password')
,('San Lazaro Hospital','National Capital Region','Quiricada St, Santa Cruz, Manila, 1003 Metro Manila, Philippines','password')
,('Tondo Medical Center','National Capital Region','Honorio Lopez Blvd, Tondo, Manila, Metro Manila, Philippines','password')
,('Dr. Jose N. Rodriguez Memorial Hospital and Sanitarium','National Capital Region','Administration Site, St Joseph, 187 Tala, Caloocan, 1427 Metro Manila, Philippines','password')
,('Las Piñas General Hospital and Satellite Trauma Center','National Capital Region','Diego Cera Ave, Bernabe Compound, Pulanglupa I, Las Piñas City Metro, Manila, Las Pinas, Metro Manila, Philippines','password')
,('Valenzuela Medical Center','National Capital Region','Padrigal St, Valenzuela, 1441 Metro Manila, Philippines','password')
,('San Lorenzo Ruiz General Hospital','National Capital Region','O. Reyes St., Malabon, 1478 Metro Manila, Philippines','password')

,('Ilocos Training and Regional Medical Center','Region I','MacArthur Highway, San Fernando, 2500 La Union, Philippines','password')
,('Mariano Marcos Memorial Hospital and Medical Center','Region I','Brgy, 6, Batac, Ilocos Norte, Philippines','password')
,('Region I Medical Center','Region I','Arellano Street, Dagupan, 2400 Pangasinan, Philippines','password')

,('Baguio General Hospital and Medical Center','Cordillera Administrative Region','Baguio General Hospital Driveway, Baguio, Benguet, Philippines','password')
,('Conner District Hospital','Cordillera Administrative Region','Conner, Apayao, Philippines','password')
,('Far North Luzon General Hospital and Training Center','Cordillera Administrative Region','Abulug-Luna-Pudtol-Kabugao Rd, Luna, Apayao, Philippines','password')
,('Luis Hora Memorial Regional Hospital','Cordillera Administrative Region','Tagudin - Cervantes - Sabangan Rd, Bauko, Mountain Province','password')

,('Batanes General Hospital','Region II','Basco, Batanes, Philippines','password')
,('Cagayan ValleyMedical Center','Region II','Pan-Philippine Hwy, Carig Regional Center, Tuguegarao, Cagayan, Philippines','password')
,('Southern Isabela Medical Center','Region II','Zamora St, Santiago, 3311 Isabela, Philippines','password')
,('Region II Trauma and Medical Center','Region II','Region II Trauma and Medical Center','password')

,('Bataan General Hospital and Medical Center','Region III','Manahan St, Tenejero Balanga City, 2100 Bataan','password')
,('Dr. Paulino J. Garcia Memorial Research and Medical Center','Region III','Mabini Street, Brgy. Quezon Dist., Cabanatuan City, 3100 Nueva Ecija, Philippines','password')
,('Jose B. Lingad Memorial General Hospital','Region III','2000 MacArthur Highway, San Fernando, Pampanga, Philippines','password')
,('Mariveles Mental Wellness and General Hospital','Region III','P. Monroe St, Poblacion, Mariveles, 2105 Bataan, Philippines','password')
,('Talavera General Hospital','Region III','Pan-Philippine Hwy, Talavera, Nueva Ecija, Philippines','password')

,('Batangas Medical Center','Region IV-A (CALABARZON)','Bihi Road, Kumintang Ibaba, Batangas City, 4200 Philippines','password')

,('Culion Sanitarium and General Hospital','Region IV-B (MIMAROPA)','Culion, Palawan, Philippines','password')
,('Ospital ng Palawan','Region IV-B (MIMAROPA)','220, Malvar Street, Puerto, Princesa, 5300 Palawan, Philippines','password')

,('Bicol Medical Center','Region V','BMC Rd., Concepcion Pequeña, Naga City, Camarines Sur 4400, Philippines','password')
,('Bicol Region General Hospital and Geriatric Medical Center','Region V','Cabusao, Camarines Sur, Philippines','password')
,('Bicol Regional Training and Teaching Hospital','Region V','Legazpi City, Albay, Philippines','password')

,('Corazon LocsinMontelibano Memorial Regional Hospital','Region VI','Lacson St, Bacolod, 6100 Negros Occidental, Philippines','password')
,('Don Jose S. Monfort Medical Center Extension Hospital','Region VI','Barotac Nuevo - Zarraga Rd, Barotac Nuevo, 5007 Iloilo, Philippines','password')
,('Western Visayas Medical Center','Region VI','Q. Abeto St, Mandurriao, Iloilo City, 5000 Iloilo, Philippines','password')
,('Western Visayas Sanitarium','Region VI','Oton - San Jose-Santa Barbara Rd, Santa Barbara, Iloilo, Philippines','password')

,('Don Emilio del Valle Memorial Hospital','Region VII','Ubay, Bohol, Philippines','password')
,('Eversley Childs Sanitarium and General Hospital','Region VII','North Road, Jagobiao, Mandaue City, Cebu, Philippines','password')
,('Gov. Celestino Gallares Memorial Hospital','Region VII','53 Miguel Parras St, Tagbilaran City, 6300 Bohol, Philippines','password')
,('St. Anthony Mother and Child Hospital','Region VII','Cabreros St, Cebu City, 6000 Cebu, Philippines','password')
,('Cebu South Medical Center','Region VII','Talisay District Hospital, San Isidro, Talisay, 6045 Lalawigan ng Cebu, Philippines','password')
,('Vicente Sotto Memorial Medical Center','Region VII','B. Rodriguez St, Cebu City, 6000 Cebu, Philippines','password')

,('Eastern Visayas Regional Medical Center','Region VIII','Brgy. 93, Bagacay, Tacloban City, Leyte, Philippines','password')
,('Schistosomiasis Control and Research Hospital','Region VIII','Barangay Naga-Naga, Palo, Leyte, Philippines','password')

,('Basilan General Hospital','Region IX','Km. 2 Binuangan, Isabela City, Basilan, Philippines','password')
,('Dr. Jose Rizal Memorial Hospital','Region IX','Lawaan, Dapitan City, Philippines','password')
,('Labuan General Hospital','Region IX','Zamboanga, 7000 Zamboanga del Sur, Philippines','password')
,('Margosatubig Regional Hospital','Region IX','F. Nightingale St, Margosatubig, 7035 Zamboanga del Sur, Philippines','password')
,('Mindanao Central Sanitarium','Region IX','Pasobolong, Zamboanga City, Philippines','password')
,('Sulu Sanitarium','Region IX','Sulu Sanitarium, Jolo, Sulu, Philippines','password')
,('Zamboanga City Medical Center','Region IX','Zamboanga del Sur PH Dr Evangelista Street, Sta. Catalina Rd, Zamboanga, 7000, Philippines','password')

,('Amai Pakpak Medical Center','Region X','Marawi City, Lanao del Sur, Philippines','password')
,('Mayor Hilarion A. Ramiro Sr. Medical Center','Region X','Mindog Maningcol, Ozamiz City, 7200 Misamis Occidental, Philippines','password')
,('Northern Mindanao Medical Center','Region X','Capitol Compound: Cagayan de Oro City, 9000, Philippines','password')

,('Davao Regional Medical Center','Region XI','Purok 4, Apokon, Tagum City, 8100 Davao del Norte, Philippines','password')
,('Southern Philippines Medical Center','Region XI','Southern Philippines Medical Center, J.P. Laurel Ave, Bajada, Davao City, 8000 Davao del Sur, Philippines','password')

,('Cotabato Regional and Medical Center','Region XII','Sinsuat Ave, RH 10, Cotabato City, 9600 Maguindanao, Philippines','password')
,('Cotabato Sanitarium','Region XII','Barangay Pinaring, Sultan Kudarat, Maguindanao, BARMM, Philippines','password')

,('Adela Serra Ty Memorial Medical Center','Region XIII','Capitol Hills, Telaje, Tandag, Surigao del Sur, Philippines','password')
,('Caraga Regional Hospital','Region XIII','Rizal Street, Brgy. Washington Roxas Street, Surigao City, Surigao del Norte, Philippines','password');






-- TYPE O	    TYPE O, A, B, AB
-- TYPE A	    TYPE A, AB
-- TYPE B	    TYPE B, AB
-- TYPE AB   	TYPE AB

-- -- Doctors Table
-- DROP TABLE IF EXISTS `doctors`;

-- CREATE TABLE `doctors` (
--   `doctor_id` int(11) NOT NULL AUTO_INCREMENT,
--   `name` varchar(100) NOT NULL,
--   `hopital_ID` int(11) NOT NULL,
--   PRIMARY KEY (`doctor_id`)
-- );

-- ALTER TABLE `doctors` AUTO_INCREMENT=300000001;

-- INSERT INTO `doctors` (`name`, `hopital_ID`)
-- VALUES ('Dr. Johny Sins',300000001)
-- ,('Dr. Rolanda Fryee',300000001)
-- ,('Dr. Altwidus Beumerd',300000001)
-- ,('Dr. Irmalinda Feldg',300000001)
-- ,('Dr. Emmeline Faerberg',300000001)

-- ,('Dr. Baldhild Beitelg',400000002)
-- ,('Dr. Baldhild Bluee',400000002)
-- ,('Dr. Alfwin Ferberg',400000002)

-- ,('Dr. Bertram Glasg',400000003)
-- ,('Dr. Lotti Förstnerg',400000003)
-- ,('Dr. Adelgund Bradforde',400000003)
-- ,('Dr. Humbert Freudg',400000003)
-- ,('Dr. Talea Glasg',400000003)

-- ,('Dr. Bruno Freig',400000004)
-- ,('Dr. Gumarich Bognárh',400000004)
-- ,('Dr. Fridumar Bushe',400000004)

-- ,('Dr. Edelgard Freudenbergerg',400000005)
-- ,('Dr. Waldenburg Fultone',400000005)
-- ,('Dr. Ealhstan Damd',400000005)
-- ,('Dr. Imme Duboisf',400000005)
-- ,('Dr. Richard Drechslerg',400000005)

-- ,('Dr. Aletta Fishere',400000006)
-- ,('Dr. Humbert Daubeg',400000006)
-- ,('Dr. Heilwig Feldtg',400000006)

-- ,('Dr. Emmeline Bloms',400000007)
-- ,('Dr. Hrafn Beckete',400000007)
-- ,('Dr. Romilda Bohng',400000007)
-- ,('Dr. Hildebrand Fiddlere',400000007)
-- ,('Dr. Burkhard Gerstleg',400000007)

-- ,('Dr. Anthelm Garberg',400000008)
-- ,('Dr. Mette Bluee',400000008)
-- ,('Dr. Ekkehard Bradforde',400000008)

-- ,('Dr. Bernard Dreherg',400000009)
-- ,('Dr. Arnulf Freig',400000009)
-- ,('Dr. Wigberta Fuxg',400000009)
-- ,('Dr. Berthilde Foerstnerg',400000009)
-- ,('Dr. Sins',400000009)

-- ,('Dr. Gumarich Fiedlerg',400000010)
-- ,('Dr. Badurad Fieldse',400000010)
-- ,('Dr. Ealhstan Bergg',400000010)

-- ,('Dr. Ostara Ecksteing',400000011)
-- ,('Dr. Hildebrand Daubeg',400000011)
-- ,('Dr. Farvald Forsbergs',400000011)
-- ,('Dr. Hildebrand Glasse',400000011)
-- ,('Dr. Ermenrich Damd',400000011)

-- ,('Dr. Andebert Ecksteing',400000012)
-- ,('Dr. Gerbold Bradforde',400000012)
-- ,('Dr. Erwin De Veend',400000012)

-- ,('Dr. Ortrud Bohng',400000013)
-- ,('Dr. Richard Freemane',400000013)
-- ,('Dr. Wilhelmine Berglunds',400000013)
-- ,('Dr. Dunstan Fieldse',400000013)
-- ,('Dr. Cynebald Bosques',400000013)

-- ,('Dr. Jette Bognárh',400000014)
-- ,('Dr. Filibert Feldtg',400000014)
-- ,('Dr. Gisbert Farnhame',400000014)

-- ,('Dr. Amalia Geiszlerg',400000015)
-- ,('Dr. Adela Bergfalks',400000015)
-- ,('Dr. Godabert Groosg',400000015)
-- ,('Dr. Leopoldine Eklunds',400000015)
-- ,('Dr. Elke Bluee',400000015)

-- ,('Dr. Ewald Bergströms',400000016)
-- ,('Dr. Wigberta Garverg',400000016)
-- ,('Dr. Filibert Geislerg',400000016)

-- ,('Dr. Athala Boycee',400000017)
-- ,('Dr. Aliprand Feigenbaumg',400000017)
-- ,('Dr. Waldenburg Geißlerg',400000017)
-- ,('Dr. Burkhard Engbergs',400000017)
-- ,('Dr. Odilie Grieves',400000017)

-- ,('Dr. Lotti Garberg',400000018)
-- ,('Dr. Talea Beumersd',400000018)
-- ,('Dr. Lulu Freig',400000018)

-- ,('Dr. Erna Fairburne ',400000019)
-- ,('Dr. Amalia Gerstleg',400000019)
-- ,('Dr. Ishild Garbg',400000019)
-- ,('Dr. Aldebrand Grafg',400000019)
-- ,('Dr. Ewald Blumg',400000019)

-- ,('Dr. Brutus Verrucosus',400000020)
-- ,('Dr. Philomelus Lucullus',400000020)
-- ,('Dr. Tanja Asiagenus',400000020)

-- ,('Dr. Auriel Publicola',400000021)
-- ,('Dr. Gallus Vulso',400000021)
-- ,('Dr. Viviana Strabo',400000021)
-- ,('Dr. Didymus Clineas',400000021)
-- ,('Dr. Premislaus Falco',400000021)

-- ,('Dr. Nerva Centho',400000022)
-- ,('Dr. Polydorus Stolo',400000022)
-- ,('Dr. Pantaleon Longus',400000022)

-- ,('Dr. Macedon Albus',400000023)
-- ,('Dr. Wido Sergianus',400000023)
-- ,('Dr. Canutus Balbus',400000023)
-- ,('Dr. Scholastica Dorso',400000023)
-- ,('Dr. Mintha Stolo',400000023)

-- ,('Dr. Calligenia Acisculus',400000024)
-- ,('Dr. Hanna Salinator',400000024)
-- ,('Dr. Lætitia Maximus',400000024)

-- ,('Dr. Emilia Pulcher',400000025)
-- ,('Dr. Elwisia Pulcher',400000025)
-- ,('Dr. Theodora Rufinus',400000025)
-- ,('Dr. Acacius Arquetius',400000025)
-- ,('Dr. Laurus Stolo',400000025)

-- ,('Dr. Angelina Allobrogicus',400000026)
-- ,('Dr. Caius Dives',400000026)
-- ,('Dr. Gregorius Lupus',400000026)

-- ,('Dr. Achill Atticus',400000027)
-- ,('Dr. Artorius Cinna',400000027)
-- ,('Dr. Americus Tappo',400000027)
-- ,('Dr. Ricardus Ambustus',400000027)
-- ,('Dr. Agapetus Acidinus',400000027)

-- ,('Dr. Theodosius Pollio',400000028)
-- ,('Dr. Frederica Hadrianus',400000028)
-- ,('Dr. Amandus Hispaniensis',400000028)

-- ,('Dr. Domitilla Acidinus',400000029)
-- ,('Dr. Chryses Corculum',400000029)
-- ,('Dr. Amaliricus Ponticus',400000029)
-- ,('Dr. Pythius Glycias',400000029)
-- ,('Dr. Fabricius Torquatus',400000029)

-- ,('Dr. Alvinius Triarius',400000030)
-- ,('Dr. Tasia Fulvianus',400000030)
-- ,('Dr. Tasia Fulvianus',400000030)

-- ,('Dr. Gaheris Mento',400000031)
-- ,('Dr. Octavius Rufinus',400000031)
-- ,('Dr. Almericus Priscus',400000031)
-- ,('Dr. Megaera Damasippus',400000031)
-- ,('Dr. Theophilia Lupus',400000031)

-- ,('Dr. Ceto Ovicula',400000032)
-- ,('Dr. Plato Ponticus',400000032)
-- ,('Dr. Ether Hortator',400000032)

-- ,('Dr. Cordula Crus',400000033)
-- ,('Dr. Alexa Eburnus',400000033)
-- ,('Dr. Leanora Acisculus',400000033)
-- ,('Dr. Bella Mammula',400000033)
-- ,('Dr. Irene Cethegus',400000033)

-- ,('Dr. Androcles Potitus',400000034)
-- ,('Dr. Vena Servilianus',400000034)
-- ,('Dr. Atticus Salutio',400000034)

-- ,('Dr. Gavius Lepidus',400000035)
-- ,('Dr. Adelphia Lentinus',400000035)
-- ,('Dr. Theodosius Murena',400000035)
-- ,('Dr. Aigla Uritinus',400000035)
-- ,('Dr. Cordula Sulla',400000035)

-- ,('Dr. Isaias Dives',400000036)
-- ,('Dr. Henricus Centumalus',400000036)
-- ,('Dr. Valentina Cossus',400000036)

-- ,('Dr. Sostratus Serapio',400000037)
-- ,('Dr. Procopius Junianus',400000037)
-- ,('Dr. Herod Asiaticus',400000037)
-- ,('Dr. Gormal Duffs',400000037)
-- ,('Dr. Dàn Ó Faoláini',400000037)

-- ,('Dr. Slàinidh Keefei',400000038)
-- ,('Dr. Catrìona Mcclellandi',400000038)
-- ,('Dr. Fíne Maccailíni',400000038)

-- ,('Dr. Dolidh Mcclellandi',400000039)
-- ,('Dr. Eòghann Ó Seanáini',400000039)
-- ,('Dr. Muireall Ó Caoimh',400000039)
-- ,('Dr. Rònan Morganw',400000039)
-- ,('Dr. Caireall Duncansons',400000039)

-- ,('Dr. Bríghid Keegan',400000040)
-- ,('Dr. Sinéad Malloyei',400000040)
-- ,('Dr. Fionntan O Brian',400000040)

-- ,('Dr. Mallaidh Duncansons',400000041)
-- ,('Dr. Eamhhair Mackays',400000041)
-- ,('Dr. SRodaidh Guinnessins',400000041)
-- ,('Dr. Artair Ó Corraidhíni',400000041)
-- ,('Dr. Earc Lewis',400000041)

-- ,('Dr. Dubhshìth Ó Braonáin',400000042)
-- ,('Dr. Ciannait Ó Nualláini',400000042)
-- ,('Dr. Dexter Aytone',400000042)

-- ,('Dr. Blossom Fultone',400000043)
-- ,('Dr. Edmonda Dextere',400000043)
-- ,('Dr. Fayre Radcliffe',400000043)
-- ,('Dr. Sigourney Holmee',400000043)
-- ,('Dr. Ainsley Bakere',400000043)

-- ,('Dr. Chandler Carman',400000044)
-- ,('Dr. Cynesige Hawke',400000044)
-- ,('Dr. Bliss Hayden',400000044)

-- ,('Dr. Haywood Darwine',400000045)
-- ,('Dr. Cenric Whittemoree',400000045)
-- ,('Dr. Orlan Carman',400000045)
-- ,('Dr. Kendall Glaziere',400000045)
-- ,('Dr. Everly Gladwine',400000045)

-- ,('Dr. Royce Webstere',400000046)
-- ,('Dr. Harlow Webbe',400000046)
-- ,('Dr. Thornton Pressleye',400000046)

-- ,('Dr. Æsc Tatume',400000047)
-- ,('Dr. Aldora Woodhame',400000047)
-- ,('Dr. Brinley Alvine',400000047)
-- ,('Dr. Aldora Claytone',400000047)
-- ,('Dr. Dunstan Cokee',400000047)

-- ,('Dr. Lassie Denmane',400000048)
-- ,('Dr. Kennard Hoggarde',400000048)
-- ,('Dr. Timothea Brewstere',400000048)

-- ,('Dr. Hayden Tatee',400000049)
-- ,('Dr. Marigold Crawforde',400000049)
-- ,('Dr. Cuthbert Summers',400000049)
-- ,('Dr. Wulfsige Beverleye',400000049)
-- ,('Dr. Edric Foxe',400000049)

-- ,('Dr. Wylie Lyntone',400000050)
-- ,('Dr. Dane Cockse',400000050)
-- ,('Dr. Hildred Ainsleys',400000050)

-- ,('Dr. Garry Farnhame',400000051)
-- ,('Dr. Wybert Kinsleye',400000051)
-- ,('Dr. Wallis Younge',400000051)
-- ,('Dr. Ryder Heathe',400000051)
-- ,('Dr. Kennard Winslowe',400000051)

-- ,('Dr. Lindon Farnhame',400000052)
-- ,('Dr. Valora Tatee',400000052)
-- ,('Dr. Joyce Weekese',400000052)

-- ,('Dr. Gage Chadwicke',400000053)
-- ,('Dr. Chancey Blacke',400000053)
-- ,('Dr. Shelby Edwardse',400000053)
-- ,('Dr. Lindon Wilmere',400000053)
-- ,('Dr. Linley Goodee',400000053)

-- ,('Dr. Lindley Harlande',400000054)
-- ,('Dr. Timothea Stonee',400000054)
-- ,('Dr. Harlan Weaver',400000054)
-- ,('Dr. Edrea Radcliffe',400000054)
-- ,('Dr. Esmond Bagleye',400000054)

-- ,('Dr. Kendra Blackmane',400000055)
-- ,('Dr. Wynnstan Grahames',400000055)
-- ,('Dr. Wren Bakere',400000055)

-- ,('Dr. Chelsey Bluee',400000056)
-- ,('Dr. Chad Dudleye',400000056)
-- ,('Dr. Edwin Haytere',400000056)
-- ,('Dr. Melba Braddocke',400000056)
-- ,('Dr. Esmond Vancee',400000056)

-- ,('Dr. Esmond Vancee',400000057)
-- ,('Dr. Aldway Younge',400000057)
-- ,('Dr. Florence Hiltone',400000057)

-- ,('Dr. Melba Bannermane',400000058)
-- ,('Dr. Farley Burtone',400000058)
-- ,('Dr. Alvena Darwine',400000058)
-- ,('Dr. Paige Kennarde',400000058)
-- ,('Dr. Melba Maxwells',400000058)

-- ,('Dr. Lynn Parryw',400000059)
-- ,('Dr. Madison Debenhame',400000059)
-- ,('Dr. Zelene Radcliffe',400000059)

-- ,('Dr. Tatum Elwine',400000060)
-- ,('Dr. Lyndon Bournee',400000060)
-- ,('Dr. Benton Townsende',400000060)
-- ,('Dr. Kamden Hartelle',400000060)
-- ,('Dr. Shelton Brookee',400000060)

-- ,('Dr. Cenric Reevee',400000061)
-- ,('Dr. Irvette Read',400000061)
-- ,('Dr. Harper Reevee',400000061)

-- ,('Dr. Melinda Eastone',400000062)
-- ,('Dr. Stithulf Bartone',400000062)
-- ,('Dr. Earna Cockse',400000062)
-- ,('Dr. Dena Rakee',400000062)
-- ,('Dr. Sanford Ecclestonee',400000062)

-- ,('Dr. Briar Fishere',400000063)
-- ,('Dr. Audley Willise',400000063)
-- ,('Dr. Daisy Winthrope',400000063)

-- ,('Dr. Everly Housee',400000064)
-- ,('Dr. Everly Housee',400000064)
-- ,('Dr. Everly Housee',400000064)
-- ,('Dr. Hale Rakese',400000064)
-- ,('Dr. Farrah Hepburne',400000064)

-- ,('Dr. Harold Bardsleye',400000065)
-- ,('Dr. Holden Lindone',400000065)
-- ,('Dr. Eoforhild Holmese',400000065)

-- ,('Dr. Beowulf Radclyffee',400000066)
-- ,('Dr. Oswald Downere',400000066)
-- ,('Dr. Cynesige Elwyne',400000066)
-- ,('Dr. Oswald Blakesleye',400000066)
-- ,('Dr. Hamilton Crawforde',400000066)

-- ,('Dr. Nash Wilkersone',400000067)
-- ,('Dr. Maitane Uggerii',400000067)
-- ,('Dr. Edmonda Hunte',400000067);